id,insult
1,0.17048703536538604
2,0.9990691090380921
3,0.30663713596672537
4,0.090936193428873602
5,0.9509980100819202
6,0.1114577209128437
7,0.44379017305414059
8,0.23947214139000306
9,0.97575602240684001
10,0.98612336230687736
11,0.83381387771198778
12,0.98485126888821117
13,0.02844756863400243
14,0.04279373605794002
15,0.77150495590142654
16,0.4964496450290411
17,0.18469009862649408
18,0.61367260573241245
19,0.77514918580395353
20,0.33808038729904677
21,0.89467234782646377
22,0.27393809222712012
23,0.40002910379676837
24,0.0065011497032063251
25,0.22454702179687427
26,0.71675364641898642
27,0.44017898895154889
28,0.28225918598330441
29,0.067857313622250323
30,0.43156516203138962
31,0.25920201776838325
32,0.99547621120630336
33,0.6759361447850023
34,0.067388403366507948
35,0.99986184233593145
36,0.32549302930947049
37,0.26577147200405365
38,0.97997074716543509
39,0.17396026864361028
40,0.90016464341233937
41,0.93327586172286081
42,3.5331292856041699e-08
43,0.69122711505166445
44,0.073419605691706302
45,0.029922223980775819
46,0.078296839805995111
47,0.0022737973588993635
48,0.3017496873288118
49,0.62971675246405423
50,0.0016705174224001292
51,0.25953704913611769
52,0.022089675929966374
53,0.07847378486131408
54,0.40163432272050503
55,0.002285563191528056
56,0.94254080696952736
57,0.99194558857235526
58,0.68415969292691825
59,0.088026381855808883
60,0.019602812213232717
61,0.13947703132233827
62,0.058810346995798485
63,0.15995950652364921
64,0.64031619729387224
65,0.99487631740633609
66,0.76626004159736338
67,0.19215428066322701
68,0.21528807564937863
69,0.38802573985212574
70,0.99999683010494123
71,0.9818260942150433
72,0.0020010390264615656
73,0.13690936199353984
74,0.36758128839236792
75,0.97357971641669339
76,0.95982108695764756
77,0.31900633092696329
78,0.92411214654245488
79,0.84387210952923364
80,0.0048645030137775694
81,0.96960088618757734
82,0.0031719370239557797
83,0.70398372355384298
84,0.35216384687040453
85,0.02331923674843232
86,0.068612529337741465
87,0.96240479529436618
88,0.070934777876725807
89,0.26422084517790462
90,0.3066392191227878
91,0.37184336402680063
92,0.30989043063132482
93,0.36857637905870339
94,0.77061785295875507
95,0.33780937897385577
96,0.5232253485226428
97,0.95464508058406305
98,0.38200891355357741
99,0.039785712987250053
100,0.30190537098482556
101,0.54832128412114722
102,0.6085784532090186
103,0.3600426239380643
104,0.38544951331473165
105,0.97661705507211316
106,0.98383100330581252
107,0.65912691433523374
108,0.47883513329102001
109,0.98327538835117501
110,0.97889562529149399
111,0.15503102325086512
112,0.19122334258547549
113,0.6904583545652252
114,0.88678668938317817
115,0.31875143144975587
116,0.99734252187593775
117,0.058802054110663575
118,0.2360843936104319
119,0.99987703851395338
120,0.2131575533056364
121,0.42136623544953833
122,0.022942762430201484
123,0.027727898422790866
124,0.70963994856892454
125,0.13224128721947337
126,0.39328736177085288
127,0.85217003009535719
128,0.5366670941345848
129,0.2001827879015258
130,0.25179669513799691
131,0.028713382743425005
132,0.086576753430953141
133,0.57291441305106494
134,0.98865586787256565
135,0.53115889089450086
136,0.14245156960338237
137,0.97089634859299412
138,0.98959484309864698
139,0.14357733388062857
140,0.062412327113410805
141,0.25192410180701202
142,0.99989633927812904
143,0.3625912637826979
144,0.23970389240388529
145,0.81056325911490612
146,0.0054427433341676813
147,0.93378174025263472
148,0.81411312720258389
149,0.18151644578726311
150,0.56551134348038079
151,0.26577147200405365
152,0.91450414887539733
153,0.001569105430957837
154,0.97129147762492074
155,0.30186206712663405
156,0.0087443200096985266
157,0.99058133717923724
158,0.28416458010249607
159,0.16864578969406141
160,0.93794159176592362
161,0.11724168231150342
162,0.019634741118620239
163,0.9425673770845242
164,0.37707681878383853
165,0.99496548302230448
166,0.65674086076068272
167,0.61313503024610949
168,0.98996410665099954
169,0.99998812727320807
170,0.024769882115989791
171,0.42076804686049019
172,0.27507329633272493
173,0.16097646556975709
174,0.99999214134761794
175,0.73531656650058297
176,0.69818650474101074
177,0.9632641684312474
178,0.27393809222712012
179,0.83995993317952855
180,0.92813535476881903
181,0.0029258788696973365
182,0.36301758707522697
183,0.22429658817841852
184,0.98987706092488115
185,0.50045864811178531
186,0.21565954473897492
187,0.21636681633334237
188,0.35107633914563818
189,0.99926609432677893
190,0.18807900788611515
191,0.26734908077921504
192,0.77801013465384639
193,0.079246449667290803
194,2.9457065720055196e-09
195,0.52663947865489602
196,0.0090045036274291786
197,0.16808418283148438
198,0.03911729644973154
199,0.99603356742673976
200,0.87486669709362841
201,0.45881799891832281
202,0.61276413605977886
203,0.9922862420172498
204,0.68459410673982568
205,0.96457388951688028
206,0.4006958268467346
207,0.027309721893750527
208,0.90206643657154484
209,0.036436753944313949
210,0.24902946290352981
211,0.28352120384649931
212,0.88775376442230891
213,0.64271512801190334
214,0.047770318616354959
215,0.86691611652931289
216,0.70437542452482815
217,0.75226276946596826
218,0.99975616161552083
219,0.10086449365411254
220,0.32420550662237968
221,0.10816895682161574
222,0.836892595733983
223,0.80664156569404666
224,0.69486930452321993
225,0.99999436750082149
226,0.26577147200405365
227,0.21398855542432954
228,0.17208273187039563
229,0.83109272417216085
230,0.14765678616328873
231,0.41051248559034464
232,0.084198132707361761
233,0.91069275532050686
234,0.1961750461433219
235,0.99076925251786829
236,0.1382868762985848
237,0.99878475172682168
238,0.34004436176024266
239,0.0098093749643410402
240,0.98105542563395376
241,0.14591978126027852
242,0.0075901212560421484
243,0.93115967078590756
244,0.989945634007661
245,0.41517652754125117
246,0.17199931433899018
247,0.0705763749637556
248,0.097872581690757257
249,0.49979494612548203
250,0.3544002660638168
251,0.90658022369219327
252,0.91582755463170951
253,0.32388737442087462
254,0.99242028689859874
255,0.025749290129833461
256,0.18183622183893647
257,0.27393809222712012
258,0.0073921726579732538
259,0.8423034621184865
260,0.26577147200405365
261,0.12170280496516228
262,0.013348443036623497
263,0.090366059284469391
264,0.0021091291462767723
265,1.2401492191267012e-06
266,0.0075119981158741798
267,0.61330369501874282
268,0.44605159452111415
269,0.86703175370454844
270,0.7139597685070842
271,0.13252923965165372
272,0.075676844417723307
273,0.20380931418565196
274,0.26899525776006328
275,0.27373950384898516
276,0.15846196084559588
277,0.011710331449236902
278,0.22998016640310451
279,0.96752264758990569
280,0.99753034981352484
281,7.9674383516384377e-05
282,0.92135305323767835
283,0.99122404962548227
284,2.5435731365239653e-06
285,0.19422567223018755
286,0.64378030664295771
287,0.58603996266594272
288,0.3109791566932506
289,0.43486782397044821
290,0.51029673796294273
291,0.9995209029533122
292,0.9552943191639256
293,0.34718078647480083
294,0.14197551806202682
295,0.08603236922059096
296,0.95911658804317723
297,0.18516183627929733
298,0.99781189048753383
299,0.022786182875081291
300,0.7805025591674678
301,0.39508993085409705
302,0.1409035102272542
303,0.019756425183104831
304,0.011167654875956773
305,0.99999992226668455
306,0.27580179230776186
307,0.78314952267811166
308,0.29109784303239056
309,0.99661553943871906
310,0.82515761111868013
311,0.027218719638333562
312,0.20183215570900842
313,0.19936740579429452
314,0.0013779131853682699
315,0.99999635128648967
316,0.28416458010249607
317,0.99712843898517145
318,0.76030350653348555
319,0.47184447165785914
320,0.98755740175525264
321,0.195360732909064
322,0.025179275083727751
323,0.12666450700491408
324,0.62905697094167212
325,0.087329412693996925
326,0.90048949231713804
327,0.49097260845152979
328,0.97451225243662043
329,0.99997549205877279
330,0.99847289550025009
331,0.13433006905022313
332,0.034424002171824515
333,0.28416458010249607
334,0.23247899039927641
335,0.35717069892987069
336,0.53143158884393027
337,0.9943805049549731
338,0.86019169963228148
339,0.80522495531896476
340,8.1328408602758517e-19
341,0.89497061079464035
342,0.037348359023312065
343,0.60590329161185974
344,0.38418235054200811
345,0.39419208480775919
346,0.6849831937671913
347,0.025877018485146577
348,0.14418265370756345
349,0.55046409093096249
350,0.38359115923192283
351,0.73497451164562577
352,0.0012952029271522782
353,0.48838156128571225
354,0.086577585061721613
355,0.89537749518030274
356,0.99999010993692428
357,0.01673636794642782
358,0.19529140985849217
359,0.26715079316977269
360,0.061510109353182123
361,0.23304261211594796
362,0.36409281332942328
363,0.23701631261491737
364,0.82301724948715371
365,0.013560000315282417
366,0.99041794373169223
367,0.93883029588531408
368,0.99535135234027783
369,0.45650331359272162
370,0.28416458010249607
371,0.59960208908111623
372,0.99999999911972282
373,0.08517337609693916
374,0.95952065001844111
375,0.010290239881971938
376,0.48722809915382598
377,0.056781122571276321
378,0.394014061132891
379,0.22869081903155913
380,0.23352270449407403
381,0.39920879900688061
382,0.97426374149517136
383,0.15641906357475763
384,0.38731241805299221
385,0.2739563697146804
386,0.58482911508224633
387,0.45486739031422169
388,0.9996292204273971
389,0.02553473676370456
390,0.15903177644059616
391,0.7184489456265627
392,0.45863769487319084
393,0.16264802405206377
394,0.43310063926597192
395,0.20185593847578379
396,0.99808961246915051
397,0.064279079962727609
398,6.6469610919718226e-06
399,0.26577147200405365
400,0.99903859963048725
401,0.00064414943629724681
402,0.039712004710270934
403,0.34634585359155728
404,0.077022539298409617
405,0.52634602148646403
406,0.0037200725247544014
407,0.02132346304963692
408,0.33762003476968183
409,0.0085839259162920328
410,0.73264903789813096
411,0.22666747033601747
412,0.99771282136414507
413,0.089419801340770891
414,0.25293566468075968
415,0.97448200977143129
416,0.59324273866532873
417,0.24527243923711151
418,0.94236492686069639
419,0.78429989287461899
420,0.41864835296398445
421,0.98852063700384896
422,0.99821143140241753
423,0.21973400135236504
424,0.63156230171201988
425,0.84016832764568761
426,0.72892274352030673
427,0.054979914142071061
428,0.1301160118503171
429,3.3558224031161724e-05
430,0.99624915883561549
431,0.64950549641267064
432,0.38720143254932532
433,0.99041186350372612
434,0.32410123500627225
435,0.023191434919397749
436,0.019322317567098145
437,0.33966992452269557
438,0.5495741340790693
439,0.98842135965287659
440,0.015738067561204442
441,6.2134701345965216e-05
442,0.38087090981043209
443,0.018016915609394595
444,0.10086889543171965
445,0.8918755545585616
446,0.9929585924116221
447,0.81138284904089797
448,0.54928162569364825
449,0.82219151045827588
450,0.14457477284420309
451,0.048804663534493843
452,0.82299147296940656
453,0.0056647123276928777
454,8.4583502652244052e-07
455,0.078392293804016938
456,0.83537510948295945
457,0.063562851482892743
458,0.2344452998475095
459,0.83350786076705685
460,0.44097253638703904
461,0.015262461974316369
462,0.59926882623218902
463,0.10736333988935501
464,0.94191088696127812
465,0.17511503884446963
466,0.61712038086938192
467,0.99797709119380162
468,0.056250075339062539
469,0.307946999845226
470,0.74114840623283429
471,0.92001229203059987
472,0.68916327506734032
473,0.74999109399160935
474,0.065154451255235363
475,0.99508138547432679
476,0.88686400732031789
477,0.53529503950820623
478,0.44412448441163066
479,0.15386194040044329
480,0.86985613794646421
481,0.60491097402202165
482,0.028513092763140672
483,0.16193756801478418
484,0.30808740631907805
485,0.21040108280677847
486,0.013743403329721153
487,0.33533237670673094
488,0.29461129535487696
489,0.00088854132717940549
490,0.14441931519510676
491,0.36699248328587009
492,0.43911594726299907
493,0.95310135337003032
494,0.44803862943833173
495,0.46029694244484659
496,0.93393990128701909
497,0.57209844845765612
498,0.90188109743411538
499,0.058681799738445312
500,0.93571488426690552
501,0.054581637959851055
502,0.37053240751837418
503,0.50670679486093995
504,0.90164439127495555
505,0.011240945832824331
506,0.028780558848051568
507,0.26888432572233362
508,0.13116567671089505
509,0.06028398710279597
510,0.88185357461052682
511,0.32690445037267429
512,0.56613534964333034
513,0.68373531428408341
514,0.98015290072111971
515,0.94484514792898822
516,0.74809806345186269
517,0.21437250108767317
518,0.0074374585040761004
519,0.020742037416425746
520,0.2529269618058928
521,0.28195588370144548
522,0.16103817357314676
523,0.9939532136849305
524,6.8324362530993279e-07
525,0.16716902098313291
526,0.72212252915263175
527,0.12156198810957619
528,0.057821603884660115
529,0.0012214830515647002
530,0.17346402762605218
531,0.97456745275316781
532,0.20260356970191229
533,0.25041016302191649
534,0.99888718236486962
535,0.0062938463516457079
536,0.082862553335047495
537,0.98959853844256551
538,0.58592476400354621
539,0.99491713508770618
540,0.72935605657782232
541,0.60916044179700057
542,0.41832852516172997
543,0.0011945504676305375
544,0.99079501026483974
545,0.99999935592786349
546,0.99998215877773533
547,0.15065854689617236
548,0.45230819409296597
549,0.037996615389085581
550,0.9742094235318256
551,0.99994786113895862
552,0.056018327803526675
553,0.99208812624665343
554,0.036044460320882557
555,0.77610674138214386
556,0.72579511841931099
557,0.56803574884629571
558,0.087993537656584325
559,0.4866167384723567
560,0.39476433893125734
561,0.99999447500343353
562,0.1039193187747984
563,0.21687740524563848
564,0.73104600978451206
565,0.99642454885226661
566,0.56389783047642894
567,0.98673232456728632
568,0.99271801814092686
569,0.95084267920367904
570,0.1496168841019519
571,0.82515761111868013
572,0.42687985961938074
573,0.069730490479234589
574,0.81039143646697964
575,0.99990658136031563
576,0.1321922307621558
577,0.8173799091373003
578,0.99985880904492985
579,0.83764020175792719
580,0.84903969362841203
581,0.060968319435649378
582,0.99856426061417891
583,0.33076336535451212
584,0.77929747639359215
585,0.10402465757393362
586,0.072921196752012876
587,0.00044070898921025602
588,0.85543699691129294
589,0.16391411158656885
590,0.038808780809657009
591,0.55383688179203905
592,0.28416458010249607
593,0.72157069359625436
594,0.93413668099978442
595,0.1481918227587064
596,0.091285723049735534
597,0.99998093833727775
598,0.80720506063933151
599,0.94305494743453055
600,0.28416458010249607
601,0.99999998765102316
602,0.019864047515312983
603,0.59895588116454634
604,0.36114568890586285
605,0.96398142446104707
606,0.64856035808731471
607,0.99994883032446524
608,0.30341966393082515
609,2.7813095512601138e-08
610,0.33857270721970917
611,0.27393809222712012
612,0.6075531255833404
613,0.80730471016350402
614,0.99998549534254744
615,0.58735885871614557
616,0.46249212490968916
617,0.23990619704878755
618,0.99612849338517684
619,0.0081663794108763118
620,0.26577147200405365
621,0.99473452332412404
622,0.021167022017104332
623,0.77798951742153999
624,0.99995572267476052
625,0.83171279333549786
626,0.34939973597952079
627,0.13039612786487845
628,0.87697308480506875
629,0.00042184523769390889
630,0.99990328291934327
631,0.1855284228724666
632,0.49858575392634791
633,0.12339140331438102
634,0.94423582011746587
635,0.032722815755850808
636,0.0079350703427261797
637,0.94337352918638073
638,0.0022838320507580826
639,0.063286321125424955
640,0.99630169614473207
641,0.27393809222712012
642,0.81326016305268556
643,0.65265942098880436
644,0.23710129386969425
645,0.026342005494815333
646,0.76133308698599123
647,0.9846071294780655
648,0.26577147200405365
649,0.15185046752550399
650,0.29636483157066867
651,0.99999100634070626
652,0.040841861203729068
653,0.80674599246920442
654,0.32538973910074775
655,0.99358490740719707
656,0.78158618998284046
657,0.15522463248414367
658,0.9723511901413201
659,0.89042186440378357
660,0.78005039893799621
661,0.49030925648114104
662,0.024279169523191278
663,0.043752000515437234
664,0.49507981808415513
665,1.4093638328615708e-05
666,0.9764287330570206
667,0.91766054015710041
668,0.25072195211974735
669,0.72334869418892567
670,0.17749309914435685
671,0.33655999224580241
672,0.99999994094057065
673,0.099720946357997262
674,0.31468637554853351
675,0.67176286597795232
676,0.94685503957590911
677,6.9430435000688822e-05
678,0.21363640761247921
679,0.0055109417521304882
680,0.28838719173099991
681,0.62860341750447823
682,0.1943339121009916
683,0.79242122737911314
684,0.28416458010249607
685,0.45241542876478102
686,0.90545269781190374
687,0.086946431725256179
688,0.84859517270033569
689,0.99975677163584953
690,0.99967563427518347
691,0.62387713185847449
692,0.1369077734501169
693,0.6022083719664586
694,0.89575918613392935
695,0.16642149948720317
696,0.069061418182542716
697,0.0079275790291107109
698,0.38477680925866892
699,0.35216384687040453
700,0.97642943817185834
701,0.27393809222712012
702,0.99880446593191341
703,0.8771957806005789
704,0.48556619698301418
705,0.2231595483065193
706,0.4964496450290411
707,0.26372882703819955
708,0.019280094498584831
709,0.8042825339676728
710,0.28416458010249607
711,0.98354948337197834
712,1.1875207211303968e-05
713,0.086774967875485609
714,0.47340301127254741
715,0.46348418848106443
716,0.16335816950882293
717,0.90881967988805712
718,0.42746210427435688
719,0.97087311413612221
720,0.92164594397676325
721,0.7124083342889701
722,0.93893727411216732
723,0.85682737863863023
724,0.050125010519791513
725,0.38673844578006966
726,0.06752401435772272
727,0.0093475457551941647
728,0.64356750431223786
729,0.055056023584401453
730,0.70949724541711601
731,0.93418545065294278
732,0.074698627424882189
733,0.025771996635413193
734,0.1220493239385561
735,0.097887895477340836
736,0.1436843937504084
737,0.00038074863604117831
738,0.026200517932678625
739,0.0081067249828948428
740,0.79865536892406019
741,0.99997203408486179
742,0.16178366268986394
743,0.0072880542532113785
744,1.395047791842812e-07
745,0.93234021675227086
746,0.89828938336732544
747,0.31812709374307552
748,0.024057139938945486
749,0.16936539148409113
750,0.995718455674517
751,0.69819388766899559
752,0.99701403276955569
753,0.0060779224154501564
754,0.28416458010249607
755,0.9999998872940018
756,0.33601818397312094
757,0.079212549924015038
758,0.2236776837601083
759,0.84135196656745748
760,0.27393809222712012
761,0.0010214257517724373
762,0.6752516065477755
763,0.056485752593865679
764,0.19713563459988404
765,0.39678158421969539
766,0.19360155157837033
767,0.17513530384414946
768,0.21110318228340816
769,0.008839951125719496
770,0.87770597319105759
771,0.82386801812071098
772,0.5325963901965437
773,0.9137657945147647
774,0.57644591375273657
775,0.81411312720258389
776,2.0575925106066375e-21
777,0.71297040760894537
778,0.99999994384865132
779,0.25829434422830444
780,0.91720148760318676
781,0.25852022173759659
782,0.69334928974159005
783,0.1722751792022357
784,0.14887681025314106
785,0.0012935686568696645
786,0.66649911183735877
787,0.99192457200862916
788,0.041760394709682215
789,0.40724715023127678
790,0.28127228806666121
791,0.27969726369074388
792,0.042267798023500273
793,0.94140821672583652
794,0.31059491172081699
795,0.1899242286962145
796,0.25697921263475726
797,0.15788713794130804
798,0.69458297320634044
799,0.76706744133445892
800,0.055396898318357465
801,0.0023906467826250916
802,0.83392739874213473
803,0.40002910379676837
804,0.82412780923197171
805,0.22869081903155913
806,0.64322336946397229
807,0.00059626690342554122
808,0.92373650516520567
809,0.98317822612965544
810,0.39539565271126587
811,0.94995805226926888
812,0.36437466273702368
813,0.30771065308461049
814,0.36892614335787172
815,0.37618483332146269
816,0.27393809222712012
817,0.0097152960453596796
818,0.99996422014621134
819,0.014569861065128038
820,0.9615839931519502
821,0.16782099736552339
822,0.04085863332974065
823,0.46392766578695155
824,0.0013764313268183159
825,0.044676911537200541
826,0.6225804396888398
827,0.0073026333814728657
828,0.8844840635489325
829,0.13853557724913951
830,0.020631256527147205
831,0.99980425016342422
832,0.84974436415343124
833,0.76274043895297261
834,0.12936275676901487
835,0.25071741007264492
836,0.28416458010249607
837,0.99999965098345867
838,0.99675736527276604
839,0.1912380452589848
840,0.43825404848042293
841,0.9457892305141743
842,0.99803807166610892
843,0.31178342868107778
844,0.14452836206415562
845,0.10321081782725398
846,0.0067599006639280229
847,0.9546846934756954
848,0.053424948434402084
849,0.69425019328065374
850,0.15075808863444051
851,0.28909784747773054
852,0.99583495740200045
853,0.13377668446331162
854,0.015478661169646694
855,0.99962490938776816
856,0.0016267618856709695
857,0.081512523847051835
858,0.6898896949914054
859,0.62054123017028051
860,0.90233834183072292
861,0.92132172143990021
862,0.059739287376591732
863,0.128277220049164
864,0.15788713794130804
865,0.88167102759123783
866,0.046114627653830433
867,0.63641683569071072
868,0.26469540014331105
869,0.1469982653152129
870,0.89511762175404097
871,0.53831336875199742
872,0.24541068195779536
873,0.9461370222774631
874,0.27393809222712012
875,0.95409366399281137
876,2.8345429677597021e-05
877,0.91122133001875361
878,0.99929908031422443
879,0.32546701612134915
880,0.075086821044033192
881,0.037929122449542683
882,0.086654502875755171
883,0.38107434824770614
884,0.077795770785264909
885,0.99744522868397889
886,0.9567886798765739
887,0.041228559763593707
888,0.012646434836854835
889,0.161472727175136
890,0.86652145933125491
891,0.10651617156709418
892,0.99094281448155064
893,0.047690340572211186
894,0.21671283321183427
895,8.3177858463999953e-05
896,0.98977706747638694
897,0.07324432739575984
898,0.095653115214128268
899,0.03801918762022094
900,0.88726543331435825
901,0.62739214677680166
902,0.53065200234356602
903,0.12973385108198732
904,0.8147248373893613
905,0.0079173625008621528
906,0.7238016135506703
907,4.5539383196779998e-19
908,0.16599534859970627
909,0.99273226053664843
910,0.087172230878329482
911,0.61039079756653358
912,0.85566346017121819
913,0.31750035072655153
914,0.67793745418971318
915,0.78632031964205629
916,0.0098225127252579685
917,0.60561497636243722
918,0.72840797238805255
919,0.02457613066705323
920,0.12259539656048173
921,0.28046018331059486
922,0.2462326306435004
923,0.98564525742341225
924,0.0075500984380951087
925,0.60633815456021656
926,0.21150058485391052
927,0.0055402894917125694
928,0.38492274371186752
929,0.90049306454670497
930,0.33593013494417645
931,0.83652716744171973
932,0.12272551943884566
933,0.17991071961211261
934,0.047281291311104465
935,0.00011254056689898854
936,0.33901022351030741
937,0.17146291250477572
938,0.7221742488975883
939,0.013555231287383883
940,0.99999952384123925
941,0.83979804660231494
942,0.22260698793718886
943,0.63888755143342157
944,0.17711681484706784
945,0.090916208515113187
946,0.43074046263667026
947,3.0947825777781801e-15
948,0.038416125419622658
949,0.73701691921223877
950,0.57074533301718289
951,0.89508896777417934
952,0.44944854854076544
953,0.99899706004275191
954,0.94590202781278832
955,0.014757679235576039
956,0.61530656275580009
957,0.51052854154895133
958,0.99812543078004645
959,0.28256838824671549
960,0.99964210016857735
961,0.98192679183855536
962,0.35680252198001172
963,0.11667963824666649
964,0.99531241391363368
965,0.52701278095573922
966,0.79850051594501936
967,0.86044386197741629
968,0.27393809222712012
969,0.0040254606347382565
970,0.50663153187616261
971,0.99952693946266213
972,0.28867489319021261
973,0.097854159779438038
974,0.015437371379491895
975,0.27393809222712012
976,0.97089634859299412
977,0.15824339011896657
978,0.73734386795930051
979,0.81482454302780238
980,0.58005639930431707
981,0.018574030862900461
982,0.28416458010249607
983,0.8898550933867716
984,0.98785594983120883
985,0.76592027964745901
986,0.92574976241373363
987,0.42917778803960482
988,0.26667407702195201
989,0.27575397188678891
990,0.36495224707437829
991,0.99973914041106482
992,0.38277727976325598
993,0.25697921263475726
994,0.019122549469359078
995,0.4334470260719267
996,0.18720415982137067
997,0.093977557509636087
998,0.45036931393814217
999,0.70177159805948053
1000,0.011159365269577708
1001,0.24684199186519976
1002,0.39632269386227431
1003,0.11276505157553438
1004,0.99381015788299676
1005,0.3066392191227878
1006,0.14250103780628126
1007,0.60045444485686561
1008,0.85648623351889586
1009,0.99948335070211036
1010,0.99785832793768459
1011,0.3175525621243544
1012,0.65998830607525993
1013,0.30103640731754155
1014,0.3625912637826979
1015,0.99898884813634337
1016,0.20787170464662733
1017,0.16590856419324115
1018,0.23072748762641196
1019,0.76746003147757824
1020,0.082678662261830654
1021,0.24001514726759665
1022,0.63308114020080009
1023,0.62735219172952394
1024,0.14070288746791065
1025,0.0065640622739043678
1026,0.28046018331059486
1027,0.88453632047203634
1028,0.46938976517607117
1029,2.1131009595965871e-09
1030,0.013752956884095689
1031,0.90713585421085152
1032,0.84211364294687918
1033,0.052161785775731245
1034,0.99955582454575886
1035,0.0059699639894449253
1036,0.99964253760979094
1037,0.9999718008143067
1038,0.63322855346962592
1039,0.073172381875081169
1040,0.84423338929029335
1041,0.35206853680615224
1042,0.4446851665495109
1043,0.81697648269908285
1044,0.91200003533282259
1045,0.54928162569364825
1046,0.99881032662597191
1047,0.34485498294878686
1048,0.11444328470858334
1049,0.27759370949214279
1050,0.26577147200405365
1051,0.97362738229060208
1052,0.44321829242574184
1053,0.87802395379835363
1054,0.1907802394704109
1055,0.59821753057203053
1056,0.16604066643750301
1057,0.3483595680341095
1058,0.99958112649852338
1059,0.68373531428408341
1060,0.52624198647835319
1061,0.65058063496439988
1062,0.20470466639578777
1063,0.63088038481478959
1064,0.15035289687258283
1065,0.84418104634331703
1066,0.63974874461009812
1067,0.094982178648723242
1068,0.0011088239964913169
1069,0.11259114920983135
1070,0.50067063512934962
1071,0.67942329470455753
1072,0.96581488107764624
1073,0.35625658699365947
1074,0.2003813785526663
1075,0.1392575418026058
1076,0.11502575007669941
1077,0.99723622297559689
1078,0.64345640250807112
1079,0.15280266103573029
1080,0.51497963326211926
1081,0.086068058010533799
1082,0.079276958912946435
1083,0.43639111650893059
1084,2.2085633073206542e-09
1085,0.026079917408963777
1086,0.78432604743035783
1087,0.22454702179687427
1088,0.043904660428929737
1089,0.12223295326120237
1090,0.0024645115893047235
1091,0.0054632723330474767
1092,0.83794213420201924
1093,0.83183399912932976
1094,0.22630788941077259
1095,5.4956408482999514e-07
1096,0.10101909264088016
1097,0.25002273775482253
1098,0.0034864918585075602
1099,0.93282908788022001
1100,0.95139514681015958
1101,0.46744396395261079
1102,0.99913324522031399
1103,0.13984500691105994
1104,0.12189826772878348
1105,0.32385978737079596
1106,0.54965358110998863
1107,0.4100173937883671
1108,0.79139873842815323
1109,0.11203436081525894
1110,0.24930942285063076
1111,0.018402921294576005
1112,0.98492142302470242
1113,0.99137670585192494
1114,0.85878830819561547
1115,0.902631326967678
1116,4.8704112822467785e-05
1117,0.87426995028797028
1118,0.40813489672013098
1119,0.10637168494244729
1120,0.25459362649977263
1121,0.20513811769113871
1122,0.8921458479535701
1123,0.089733537903550667
1124,0.16781146713050737
1125,0.1213647674795941
1126,0.72106954694086023
1127,0.026396998283395666
1128,0.4002141502902069
1129,0.050645434154699152
1130,0.37626151841901373
1131,0.0037038694390012341
1132,0.63351231783671047
1133,0.11359258565103221
1134,0.032472149728353224
1135,0.68197032873863184
1136,0.36447274314214445
1137,0.17495968122894737
1138,0.019669068460976446
1139,0.23349687154915441
1140,0.0033583541566633065
1141,0.8675411108989487
1142,0.00032174494956418943
1143,0.14179561183454897
1144,0.083278382166030007
1145,0.4061206175690058
1146,0.51903240019548758
1147,0.013877954751451552
1148,0.0031611307945283861
1149,0.0073215615058170392
1150,6.1483184327568376e-22
1151,0.71106783769330817
1152,0.99740704585037987
1153,0.76841523178366899
1154,0.34160436628637941
1155,0.11402283655738442
1156,0.58246682435484054
1157,0.057422382389558234
1158,0.35427912188074734
1159,0.065454666635267222
1160,0.009420593403312005
1161,0.99311297169632329
1162,0.24026723320031515
1163,0.60728000746457922
1164,0.47111952303098709
1165,0.21402412224605999
1166,0.30870330690363873
1167,0.47093997486731382
1168,0.00015413302311654547
1169,0.26577147200405365
1170,0.37230980615737219
1171,0.34626827884935329
1172,0.41031797300378731
1173,0.19371317524306306
1174,0.23359205977063097
1175,0.98965519390556966
1176,0.99699400659556481
1177,0.3483595680341095
1178,0.57825932518450684
1179,0.0336361436491611
1180,0.15024836637790795
1181,0.012084949281752001
1182,0.42509466700275911
1183,0.26283305189602651
1184,0.63363613130289365
1185,0.0036247899575846472
1186,0.22497679409266702
1187,0.0026395419598168129
1188,0.00087500029638210475
1189,0.00082574336610826251
1190,0.28110912745146072
1191,0.53834233942112464
1192,0.99999937741275802
1193,0.30808740631907805
1194,0.52151262890852401
1195,0.78665895847361988
1196,0.82904167321173206
1197,0.21343238973650944
1198,0.94330834648668993
1199,0.09973911373222076
1200,0.097702709110100761
1201,0.22539828721698041
1202,0.00018035646620910572
1203,0.27879087394069219
1204,0.52464350711430785
1205,0.3677151300973554
1206,0.76174227840255038
1207,0.03876500862034097
1208,0.95306098899050218
1209,0.97264912307077944
1210,0.021995326258326665
1211,0.3827381415192127
1212,0.31919239449954356
1213,0.54053219282898113
1214,0.16882314911705656
1215,0.41999501683976764
1216,0.15864580573272247
1217,0.3127351697894391
1218,0.25949423366320862
1219,0.26577147200405365
1220,0.32162682983308544
1221,0.98612744079854819
1222,0.17259913675990352
1223,0.99996371127685413
1224,0.76846301927737948
1225,0.45457552025233705
1226,0.87014204261170736
1227,0.99732528356840111
1228,0.27395554447965931
1229,0.15602222325307355
1230,0.9011331599274256
1231,0.062037095696062833
1232,0.47526584046331405
1233,0.2859793385683887
1234,0.13803466320062335
1235,0.21002655427753339
1236,0.66784614993958946
1237,0.26577147200405365
1238,0.64451842838909057
1239,0.98446284837848064
1240,0.403707489733799
1241,0.029701159888420519
1242,0.61039079756653358
1243,0.31265071429806224
1244,0.086819799013645796
1245,0.99989875602411205
1246,0.51944730486206481
1247,0.29578774827077348
1248,0.99925647181610788
1249,0.49491835021107972
1250,0.99077452604030891
1251,0.99706920624544437
1252,0.20138840723715168
1253,0.31861236741851745
1254,0.87735996544026773
1255,0.069343669995677135
1256,0.17828442623921861
1257,0.12171435629603504
1258,0.60042836472795791
1259,0.90942580151848007
1260,0.21310517018167621
1261,0.25340995814352746
1262,0.13069100297794475
1263,0.96206473604304499
1264,0.30664407431605434
1265,0.37276044822391141
1266,0.9999878302516968
1267,0.11550064849655535
1268,0.00039405501107391065
1269,0.094463218596490497
1270,0.85421041363927042
1271,0.98649196570275954
1272,0.31277902054408735
1273,0.81082941165346745
1274,0.13700063800023632
1275,0.92637232520990886
1276,0.010287666608679759
1277,0.22529477603913586
1278,0.76102713066054484
1279,0.96739302504418068
1280,0.2489482863835398
1281,0.97089634859299412
1282,1.0
1283,0.26577147200405365
1284,0.99495250910733157
1285,0.075289534704314834
1286,0.15257573840437302
1287,0.22876491925182754
1288,0.39767378060526115
1289,0.99997918292129928
1290,0.26327290521474594
1291,0.16886328966817399
1292,0.051418033692013414
1293,0.95443948853473715
1294,0.88570331635255506
1295,0.83023237541783346
1296,0.00017110350074002852
1297,0.99654995903648325
1298,0.00037798798678979466
1299,0.35216384687040453
1300,0.9989596019060849
1301,0.61735618900681255
1302,0.099122291816917271
1303,0.81886320045410543
1304,1.0
1305,0.53610389203642206
1306,0.3955902529941403
1307,0.59773363445049466
1308,0.47330246114673685
1309,0.99944046032046852
1310,0.07196718888934954
1311,0.23701092745621918
1312,0.091659816908576941
1313,0.8157407328325027
1314,0.31143790841230035
1315,0.58207564950200541
1316,0.80906340401177335
1317,0.06877296327717522
1318,0.7747382338169565
1319,0.31160421257188048
1320,0.45101950747205877
1321,0.13717982220977012
1322,0.9515759479464907
1323,0.081750590499621675
1324,0.38575568025671059
1325,0.3336219285927689
1326,0.66302045983680957
1327,0.087039529650119185
1328,0.99969854571901917
1329,0.0042096646532088109
1330,0.28416458010249607
1331,0.4599939307647109
1332,0.75968268569797437
1333,0.29642318410357532
1334,0.75402760665657298
1335,0.99958931450470467
1336,0.0039240217470983604
1337,0.23918384623733283
1338,0.16256911959542958
1339,0.65396391625999739
1340,0.066902377361003212
1341,0.19130282094026688
1342,0.73879659715723056
1343,5.4890629214458526e-18
1344,0.49030925648114104
1345,0.68594546003883061
1346,0.016905175252516606
1347,0.080556424080632946
1348,0.45016389665167378
1349,0.95326556951539465
1350,0.144807044689614
1351,0.37424673614895992
1352,0.82105688233012097
1353,0.37692000720147584
1354,0.0031249819947430715
1355,0.58868368111578384
1356,0.30664238174896652
1357,0.71290717354836219
1358,0.17546853879051155
1359,0.80663117826036701
1360,0.0088344521341132479
1361,0.068433946699240439
1362,0.99996756964488309
1363,0.78749337803063524
1364,0.29424528904035185
1365,0.29383147191271225
1366,0.29584391226339024
1367,0.56043526556145296
1368,0.33818021498267514
1369,0.99999489743957881
1370,0.12965306325804637
1371,0.44879420967814293
1372,0.88807558331430558
1373,0.64580255780099993
1374,0.73733162887952985
1375,0.99997731792936118
1376,0.99607226919101854
1377,0.88806331069200639
1378,0.17532965046422522
1379,0.98231126953122117
1380,0.5153267985621709
1381,0.023884951715110014
1382,0.00038721225027684976
1383,0.63102917835660466
1384,0.72983038246405962
1385,0.32825492012389118
1386,5.662219299378709e-05
1387,0.30994577976641963
1388,0.98006292951162299
1389,0.95771418594079005
1390,0.0091884295104661933
1391,0.20830520198346003
1392,0.15567299829225245
1393,0.99781279489844865
1394,0.12904588672102643
1395,0.69819388766899559
1396,0.091844800980411104
1397,0.66318073983136328
1398,0.44882040370925541
1399,0.3369914258069534
1400,0.17410507076970089
1401,0.8153203372871447
1402,0.010231693994226914
1403,0.43154710523006051
1404,0.99761435743387339
1405,0.58270173070653852
1406,0.24059188862703312
1407,0.37458612818297637
1408,0.21054097886480644
1409,0.066721716709638931
1410,0.079530359883864588
1411,0.05623710422669969
1412,0.053451035077421272
1413,0.28211784332623452
1414,0.38361000996033934
1415,0.34815180147871216
1416,0.99518884420041775
1417,0.82030443591617597
1418,0.64066580782293481
1419,0.98853199862682317
1420,0.99845884278952379
1421,0.3830358519694621
1422,0.081792658911567367
1423,0.11525865281997487
1424,0.30437148957402521
1425,0.97172370657355245
1426,0.25744715568898863
1427,0.30003103983766188
1428,0.5896793977469682
1429,0.1641124622039058
1430,0.99432386248824534
1431,0.95709813548098532
1432,0.47165129179018045
1433,0.00085078517767752434
1434,0.99778896765960479
1435,0.88213270203366112
1436,0.25085303380600454
1437,0.3226071447047405
1438,0.42317320608308234
1439,0.85530988617610715
1440,0.97089634859299412
1441,0.71299774723018183
1442,0.49346437718544556
1443,0.36409291516019682
1444,0.45800816091861513
1445,0.26436108409284448
1446,0.11511030913816758
1447,0.09280522600205876
1448,0.70024781536069691
1449,0.46205854473129226
1450,0.061647009707702975
1451,0.27393809222712012
1452,0.54928162569364825
1453,0.35151902957504094
1454,0.99832158932044512
1455,0.46155894721237678
1456,0.10149598560754042
1457,0.051141705773438885
1458,0.13425711061409915
1459,0.99861325083274166
1460,0.69899892177723733
1461,0.99895145442839606
1462,0.28714634073657608
1463,0.87092496780825401
1464,0.38932087002416377
1465,0.26087098227165662
1466,0.052549622191524405
1467,0.41446332382416534
1468,0.26577147200405365
1469,0.0014169073348117229
1470,0.99999958172699843
1471,0.99999257964211552
1472,0.99963593777026205
1473,0.75374626596155037
1474,0.20785942886927977
1475,0.94323040354700227
1476,0.2360843936104319
1477,0.8630494810170708
1478,0.35508912294342215
1479,6.9467888679628229e-08
1480,0.28416458010249607
1481,0.2109045974132035
1482,0.097076445996547731
1483,0.075493246328393798
1484,0.61039079756653358
1485,0.90830116394588367
1486,0.67451375920772039
1487,0.56539886084230029
1488,0.96819332263218816
1489,0.38417891863295639
1490,0.28416458010249607
1491,0.26101186254813469
1492,0.33386095370358837
1493,0.32357424644465438
1494,0.86229879025257483
1495,0.63039895039273341
1496,0.20787170464662733
1497,0.035553735787623358
1498,0.1712613760199142
1499,0.99751816371417257
1500,0.10545842024166636
1501,0.2198971747878026
1502,0.6875581809589425
1503,0.035131909143516556
1504,0.043085899618666545
1505,0.99958943794189126
1506,0.99491713508770618
1507,3.9686861796123563e-06
1508,0.017935194791981503
1509,0.94765583709540968
1510,0.16911906954379635
1511,0.023396707581256983
1512,0.86487492970550162
1513,0.99964998237610925
1514,0.028111398287606823
1515,0.26577147200405365
1516,0.0037696353670318259
1517,0.32164163541184249
1518,0.27271593710251807
1519,0.2175370550991392
1520,0.0037033583055847887
1521,0.33173115033409023
1522,0.99582895761088097
1523,0.24944016343803979
1524,0.50520342786054873
1525,0.45323239602603271
1526,0.043171558578223405
1527,0.7547222541524562
1528,0.82472700441294944
1529,0.0070933617207880745
1530,0.10759348519035208
1531,0.21033973163034836
1532,0.27393809222712012
1533,0.28416458010249607
1534,0.85314643925754241
1535,0.99957775411441196
1536,0.87637577247870446
1537,0.71789550036575267
1538,0.6645073770969202
1539,0.80852872465205483
1540,0.33552802914749646
1541,0.33631790087986652
1542,0.29075590456421502
1543,0.26577147200405365
1544,0.98025062607018665
1545,0.018101876302779846
1546,0.080268987743262493
1547,0.25340995814352746
1548,0.27019380752971123
1549,0.28480884335846685
1550,0.35322853640734925
1551,0.36441829826159949
1552,0.045121915695590022
1553,0.15759093262171087
1554,0.28712017792212363
1555,0.15732207960648531
1556,0.97645130724963214
1557,0.04926697934979949
1558,0.10862924424612652
1559,0.67623075956998346
1560,9.1522803914080032e-06
1561,0.69418997012835815
1562,0.35744101394416422
1563,0.60997772444850196
1564,0.97348476088838509
1565,0.038166298633057309
1566,0.56038632998805615
1567,0.19959384919292109
1568,0.10128114225995194
1569,0.030990407894260198
1570,0.78271529032206577
1571,0.00046685142526297529
1572,0.26577147200405365
1573,0.70715107325128601
1574,0.15129849628831873
1575,0.99604333634380482
1576,0.32766542047909858
1577,0.0042344878875818694
1578,0.27393809222712012
1579,0.94991348069882342
1580,0.95070986157564441
1581,0.69432339808292842
1582,0.96223957832726292
1583,0.29792111676730604
1584,0.31720109553957515
1585,0.013533892862115798
1586,0.089911365612355881
1587,0.0030662768650322535
1588,0.12327371025676727
1589,0.00033856695817202197
1590,1.4184357261041696e-07
1591,0.98866931581675033
1592,0.60632921513659732
1593,0.26577147200405365
1594,0.091489807835036324
1595,0.69077585394285057
1596,0.0010985833931703914
1597,0.31390551105231379
1598,0.5415194780399224
1599,0.60119321174450457
1600,0.024108107592439539
1601,0.85029772700579753
1602,0.70438703794666879
1603,0.536334215369076
1604,0.38072851643039962
1605,0.66356923640297594
1606,0.99731393273025826
1607,0.76584436274351042
1608,0.086610330890772053
1609,0.89140306798149105
1610,0.09389138135202095
1611,0.42580300196299142
1612,0.21590868414395217
1613,0.99550768322362881
1614,0.95138737961067721
1615,0.24650517289948273
1616,0.999898947813463
1617,0.83415246561483181
1618,0.026993029565438243
1619,0.57562449809143879
1620,0.70032314311255617
1621,0.00090403876600558971
1622,0.74606764830663364
1623,0.045861334481705582
1624,0.77126189282365287
1625,0.0007440419503930469
1626,0.19868029492485725
1627,0.025651311666093503
1628,0.17198631377975351
1629,0.338522680567027
1630,0.7409900121640205
1631,0.99351417148802468
1632,0.13124653776249781
1633,0.74499259517913397
1634,0.87070122977750886
1635,0.35843304836089346
1636,0.34127389131434493
1637,0.19583014706759372
1638,0.38243665439081398
1639,0.01770305976437336
1640,0.1215282636558512
1641,0.033548306040066415
1642,0.69571902120265194
1643,0.99999999937631401
1644,0.86059889927036792
1645,0.73147939658302585
1646,0.1338507970695971
1647,0.83794843585680789
1648,0.00166609344969302
1649,0.50467283619914682
1650,0.40945160590097801
1651,0.73910079910200499
1652,0.65357808940550921
1653,0.23163744060668226
1654,0.8298452820151544
1655,0.69831303824536173
1656,0.87854401625303913
1657,0.51325711200995983
1658,0.074463624893061117
1659,0.088322910334429044
1660,0.93393286143373277
1661,0.89459285670741462
1662,0.62252231675666103
1663,0.35394438013958207
1664,0.72135672322842748
1665,0.21671601298310944
1666,0.91462098310147111
1667,0.67686003536880845
1668,0.0052746013200939993
1669,0.93182261396672839
1670,0.20457400705841372
1671,0.35717069892987069
1672,0.19040948517868431
1673,0.85348181011538926
1674,0.52653800365507619
1675,0.80738100350090047
1676,0.99769072403805092
1677,0.55771951878804271
1678,0.60889342779786837
1679,0.00014610070567329587
1680,0.42620108469907808
1681,0.19183535963981282
1682,0.19597089424028188
1683,0.40827101277290878
1684,0.17511503884446963
1685,0.10098304595747915
1686,0.59516351395920974
1687,0.49830853729450958
1688,0.98730586491754735
1689,0.99777313202446538
1690,0.045238242246281951
1691,0.29410969190334019
1692,0.99795371737075256
1693,0.67859787723816167
1694,0.65404174814408422
1695,0.40002910379676837
1696,0.97839061832412799
1697,0.094969538026852901
1698,0.019324893968636569
1699,0.0076137768241126159
1700,0.64958010744297356
1701,0.16986989320631288
1702,0.54659824172977312
1703,0.13759123487427152
1704,0.019913356925894032
1705,0.19690983561176947
1706,0.051857346869876926
1707,0.27393809222712012
1708,0.9742094235318256
1709,0.97472373123906431
1710,0.57470720243853279
1711,0.81949484103694026
1712,0.67415715180089297
1713,0.090656695305294396
1714,0.94379986864113663
1715,0.35565776108181041
1716,0.84419929115404435
1717,0.17396026864361028
1718,0.14066729496504335
1719,0.11992569354580648
1720,0.94401369522807654
1721,0.74029457457329062
1722,0.016352168005593987
1723,0.31975820049697051
1724,0.26577147200405365
1725,0.00038359336359485447
1726,0.14266570162965728
1727,0.67943755147743834
1728,0.58980732077477094
1729,0.19818115081907617
1730,0.99996500014903933
1731,2.7699058601979338e-11
1732,0.5580665762436029
1733,0.18093840625175706
1734,0.61530656275580009
1735,0.26577147200405365
1736,0.011631785976300603
1737,0.96694500488336976
1738,0.0082172217316012902
1739,0.63307798591721354
1740,0.40405534972674623
1741,0.14197551806202682
1742,0.21030824524794112
1743,0.00032649898250203014
1744,0.20707026208379281
1745,0.088133292606081756
1746,0.86875567652638863
1747,0.38581623241514346
1748,0.49030925648114104
1749,0.9999550664315574
1750,0.02106688660060296
1751,0.44705232148082757
1752,0.11679206258971085
1753,0.23550214905289277
1754,0.98753400835716987
1755,0.058464130983374683
1756,0.67058247058256271
1757,0.99897654149547943
1758,0.87795866959058899
1759,0.66567408748751333
1760,0.32533622027634695
1761,0.99999938799074328
1762,0.074079477976274233
1763,0.65640821186130238
1764,0.99611414320860636
1765,0.26577147200405365
1766,0.30207209352538411
1767,0.27393809222712012
1768,0.8308270819084157
1769,0.0094530993555899494
1770,0.9988849159527321
1771,0.39826881025598554
1772,0.99981299102573229
1773,0.31180195629541502
1774,0.3312689670248008
1775,0.9026437646329899
1776,0.93153768219874478
1777,0.1175796289191012
1778,0.98902314112004364
1779,0.161770808163652
1780,0.49321345753574292
1781,0.011107084048570462
1782,0.013244612646646824
1783,0.99904445670196251
1784,0.62764207761330615
1785,0.59147727064703282
1786,0.18943344975807325
1787,0.23040474473950359
1788,0.97845968132125094
1789,0.51385286217738912
1790,0.27393809222712012
1791,0.9999983921157275
1792,0.0050538537162847577
1793,0.54094295689835159
1794,0.13604712520913456
1795,0.51666155825817794
1796,1.0
1797,0.87167649261366531
1798,0.12903175140726106
1799,0.094369067101003526
1800,0.63217813715408844
1801,0.21538190849385
1802,0.4656422828036974
1803,0.59704409978983675
1804,0.7494855426260959
1805,0.95694073779063882
1806,0.096397989469712148
1807,0.78760161029972109
1808,0.68949992222327561
1809,0.31213423930759243
1810,0.0050016909217367412
1811,0.61715999962788548
1812,0.38837831937956535
1813,0.287547756546285
1814,0.26577147200405365
1815,0.76679065531560575
1816,0.048238061769207446
1817,0.1595998484314014
1818,0.86690384801590048
1819,0.00055575189986667548
1820,0.26577147200405365
1821,0.13780659337351267
1822,0.97005234992687761
1823,0.70186085665773634
1824,0.99991521700880581
1825,0.28416458010249607
1826,0.21625236660835689
1827,0.2371379447945087
1828,0.64234298358644248
1829,0.25065774038086319
1830,0.41142637287227096
1831,0.15404906980316002
1832,0.53701166670617873
1833,0.12961822775946702
1834,0.68968112613661647
1835,0.69789204997711107
1836,0.13700063800023632
1837,0.81835179175588035
1838,0.83908824874309051
1839,0.49870867991491147
1840,0.14729121373337672
1841,0.99826286055850488
1842,1.872990856137729e-09
1843,0.63058685882629795
1844,0.88856330659703819
1845,0.99999802851958108
1846,0.47926797607958271
1847,0.44088129288897954
1848,0.0075466864039615148
1849,0.21849583445567328
1850,0.042158509625826665
1851,0.94003473633853263
1852,0.98173762947661192
1853,0.10603057276715797
1854,0.74000953590382823
1855,0.96295793855527045
1856,0.9882062465330449
1857,0.97711630422128792
1858,0.037383596930640459
1859,0.66827527160355404
1860,0.58473758170080425
1861,0.66258515887556679
1862,1.7925220070240226e-06
1863,0.73321672825553075
1864,0.4647924994125745
1865,0.43854184156936488
1866,0.14441931519510676
1867,0.0028046093102280898
1868,0.43530588678164839
1869,0.83994103946647092
1870,0.99998377620221446
1871,0.98601240037933047
1872,0.29262122098675925
1873,0.28225918598330441
1874,0.59735431682852069
1875,0.3331138738497697
1876,0.001753515355166403
1877,0.003426146351014181
1878,0.57098179560918849
1879,0.52323650938918664
1880,0.38417891863295639
1881,0.59898921123375592
1882,0.032366989503834098
1883,0.99941956607256832
1884,0.00075546688971667077
1885,0.37675255145175413
1886,0.92996087094231561
1887,0.008696181366693128
1888,0.44943765926980594
1889,0.26577147200405365
1890,0.84506898907436412
1891,0.94707310746140072
1892,0.38939280142931226
1893,0.0019621901345689753
1894,0.25585640960415107
1895,0.04071175505802526
1896,0.28416458010249607
1897,0.059369430613626581
1898,0.26303444411453525
1899,0.0042873350498434711
1900,0.94574604975364818
1901,0.44487612857059899
1902,2.3021540456591375e-05
1903,0.44339338205746653
1904,0.52782961275144891
1905,0.16395104739011507
1906,0.27191663147102557
1907,0.66523393727219449
1908,0.042162583983373261
1909,0.0030385701014845534
1910,0.00019815316829239766
1911,0.43567905440587845
1912,0.86198781032448768
1913,0.67097399777343869
1914,0.32763012168325062
1915,0.050937218069650216
1916,0.75987429805565321
1917,0.99970278978356508
1918,0.38249478577789525
1919,0.92624715695179294
1920,0.23352270449407445
1921,0.99256361917681413
1922,0.14674597380314416
1923,0.21741193604059281
1924,0.28097745159150045
1925,0.18951650853870999
1926,0.00033893594255162519
1927,0.082822644157015082
1928,0.098955260345432103
1929,0.094174790830437796
1930,0.78401650645265075
1931,0.29192310939425009
1932,0.0088928885371158152
1933,0.014135399993625262
1934,0.31396853585080331
1935,0.24150155639202681
1936,0.44776701611697145
1937,0.053118306324840714
1938,0.012042377764540405
1939,0.99495250910733157
1940,0.99870575346398183
1941,0.9265993361122925
1942,0.96985899399812792
1943,0.48686078212802031
1944,0.99885219326512653
1945,0.84506898907436412
1946,0.76496378406768639
1947,0.12007529497284111
1948,0.98367130355852139
1949,0.18074681644826732
1950,0.084118569661794373
1951,0.65530662566883635
1952,0.00096347079917241489
1953,0.67350550376015672
1954,5.1005565019485548e-05
1955,0.015587694364997733
1956,0.17688118788329663
1957,0.935184706061854
1958,0.26577147200405365
1959,0.35263600713613547
1960,0.47340301127254741
1961,0.6452286846105576
1962,0.6414218761828544
1963,0.36275458700100405
1964,0.64669074170795049
1965,0.89954960103819515
1966,0.99999413716911634
1967,0.62516235216758265
1968,0.36941933569270224
1969,0.59324273866532873
1970,0.95802068027727427
1971,0.069128618927401991
1972,0.12747684728115374
1973,0.91069774955141813
1974,0.068185792093370126
1975,0.99859411452755709
1976,0.72212094059082055
1977,1.9482244360826679e-05
1978,0.90250035851315813
1979,0.99999195816808739
1980,0.99802258271964672
1981,0.0028014959931660557
1982,0.98755740175525264
1983,0.18491708290758188
1984,0.92298170274838853
1985,0.12327956937712899
1986,0.62210422754889128
1987,0.66427621351054467
1988,0.15257370904314252
1989,0.85156863592372201
1990,0.027624795109440835
1991,0.08984452304831432
1992,0.24557949774876778
1993,0.14102526873217333
1994,0.9975354886318929
1995,0.044778302211978697
1996,0.96677250221132283
1997,0.28416458010249607
1998,0.12013254865365885
1999,0.44520270976543119
2000,0.4657527985095708
2001,0.50197382784724043
2002,0.0061116558832013225
2003,0.46487049503011796
2004,0.18072991005220213
2005,0.63302552317799765
2006,0.12800422958355417
2007,0.99388784838015354
2008,0.98554509626636766
2009,0.26577147200405365
2010,0.69819388766899559
2011,1.1336154853774402e-05
2012,0.0076198443109034677
2013,0.99999949118337539
2014,0.89258463726279524
2015,0.18662041941427612
2016,0.88597697754942983
2017,0.19608796440721468
2018,0.00063973059830578212
2019,0.17163020474424759
2020,0.0016603594458829245
2021,0.73771453180608271
2022,0.14698212309418821
2023,0.95294922104406921
2024,4.2343682261020077e-15
2025,0.010074634817414404
2026,0.97447890302849227
2027,0.060173226932050398
2028,0.97989356994510501
2029,0.37172422397814109
2030,0.61329234161564394
2031,0.036865022778362865
2032,0.44294586860176477
2033,0.14936945413617131
2034,4.8331203443086865e-08
2035,0.85398873951436471
2036,0.00057943439361672036
2037,0.97053361730412468
2038,0.0022254049242045586
2039,0.94144189369249232
2040,0.26577147200405365
2041,0.046656472437260933
2042,0.046221526160505469
2043,0.78577291805268856
2044,0.38574560665465568
2045,0.75288512012220166
2046,0.0011925383042604143
2047,4.192536739741311e-06
2048,0.93561821598013128
2049,0.86519389965418159
2050,0.89842131880709386
2051,0.86539946560491698
2052,0.05362027402506455
2053,0.0033127082322968238
2054,0.1910803998751473
2055,0.81936189615917887
2056,0.96971333974917062
2057,0.23603381407085808
2058,1.0
2059,0.99998643578435864
2060,0.11586173452905671
2061,0.13026015213313921
2062,0.99648002097967581
2063,0.010494049495132626
2064,0.70715627603308739
2065,1.0036660886227467e-12
2066,0.034092888471473723
2067,0.42794139287016431
2068,0.48929401372705844
2069,0.26577147200405365
2070,0.59858351942549015
2071,0.016917023043416475
2072,0.29794529552430271
2073,0.94047061020835188
2074,0.77589776159764123
2075,0.00062558958792262743
2076,0.0012008485191299706
2077,0.76931037109178035
2078,0.87597429461102028
2079,0.85266175729203364
2080,0.22546601216700574
2081,0.97401459109422717
2082,0.17956612205506975
2083,0.45709248905504152
2084,0.95088111270791487
2085,0.087977434337694366
2086,0.96739811986504676
2087,0.58349555786188667
2088,0.94970389676397704
2089,0.32761876518227429
2090,0.31492227351002627
2091,0.69730967456211945
2092,0.03744573991979816
2093,0.042417234007254279
2094,0.0017755804710634596
2095,0.29215990859881019
2096,0.37507741501521824
2097,0.56309497013104848
2098,0.82867294089999632
2099,0.99361762996920389
2100,0.92748910825390007
2101,0.74723608786338014
2102,0.52310821655701467
2103,0.19965458360765842
2104,0.98560155099533286
2105,0.65598240663381691
2106,0.95308295411901323
2107,0.69080904914144303
2108,0.17371978492971557
2109,0.15210142772562985
2110,0.3652958288046847
2111,0.074128664002287389
2112,0.96756362028356002
2113,0.99803807166610892
2114,0.99999698183354024
2115,0.28416458010249607
2116,0.20524354421116653
2117,0.26577147200405365
2118,0.5933923695689316
2119,0.40920448506832124
2120,0.053534918357078604
2121,0.75153594443972416
2122,0.15947687088053245
2123,0.080255905111228057
2124,0.97365126999310769
2125,0.12667183829637912
2126,0.99836447370793147
2127,0.88654024544570109
2128,0.30708220204404996
2129,0.26577147200405365
2130,0.053287471742958933
2131,0.092324693484031356
2132,0.96801041461336557
2133,0.93591705490326593
2134,0.20378815443740181
2135,0.99829430477002501
2136,0.26577147200405365
2137,0.23710129386969425
2138,0.35683238892820862
2139,0.98524148565941749
2140,0.16808418283148438
2141,0.52671340843691472
2142,9.8093653933172886e-16
2143,0.12038569611493453
2144,0.28320332267246207
2145,0.079162865535177679
2146,0.14358068490766526
2147,0.80377665319214298
2148,0.010731116373738322
2149,0.00036976626663239205
2150,0.063010001808785604
2151,0.89443717583347815
2152,0.00038154750382389508
2153,0.31427943459676749
2154,0.51905086527155886
2155,0.71515426439989116
2156,0.20585358726637543
2157,0.10392473898047007
2158,0.99974305202368674
2159,0.26186490736555051
2160,0.99985116436987387
2161,6.834957786320918e-05
2162,0.39984291937426875
2163,0.65549018108642954
2164,0.34186147097722458
2165,0.55168755746007214
2166,0.99904002628894162
2167,0.1293276244465649
2168,0.77591204569385286
2169,0.98553239088581135
2170,0.8458479371528107
2171,0.88265218583232774
2172,0.99163646594113586
2173,0.00034399703409956765
2174,0.8612709256189971
2175,0.28416458010249607
2176,0.25110819783721006
2177,0.0077357297450178011
2178,0.35880854073085727
2179,0.42176941918350264
2180,0.11248416721433167
2181,0.31265071429806279
2182,0.090559954475413665
2183,0.52441256891604004
2184,0.22285344726964082
2185,0.87230242278575487
2186,0.86996105994977491
2187,0.24032423286208382
2188,0.096999566686434405
2189,1.732497904719762e-06
2190,0.54562676848499536
2191,0.44130501671085176
2192,3.0622386979633886e-12
2193,0.27163026154589759
2194,0.61828591335421801
2195,0.1590356517918583
2196,0.69020173009640329
2197,0.88671104114200872
2198,0.5366670941345848
2199,0.99212380881983364
2200,0.74506876494491314
2201,0.10043909812761571
2202,0.00057439346147780874
2203,0.83392965365886573
2204,0.088041874730931988
2205,0.9159824798632904
2206,0.18332557712929792
2207,0.42152334254458329
2208,0.50396732206727912
2209,0.069743434617621211
2210,0.54052002821692635
2211,0.9994830729897568
2212,0.0077226145813546823
2213,0.27393809222712012
2214,0.07357511264210867
2215,0.74937536750217248
2216,0.27942736728139961
2217,0.057479295993843472
2218,0.42556058556833715
2219,0.083884977384897766
2220,0.38319177840941487
2221,0.025660007931179694
2222,0.27081285250057835
2223,0.26577147200405365
2224,0.40002910379676837
2225,0.45078965982694291
2226,0.99988613467043364
2227,0.46238722606194255
2228,0.28416458010249607
2229,0.00084095743990036281
2230,0.03153662227221829
2231,0.9952936658167747
2232,0.99998767557167767
2233,0.95434770508639177
2234,0.23257978287351674
2235,0.027369544360432124
