"test.id","prediction"
1,0.207596298820374
2,0.212316091971848
3,0.162965389982488
4,0.197272562308693
5,0.374029471649296
6,0.178038765659554
7,0.237151269892883
8,0.204630568787164
9,0.207079255300171
10,0.425821944530702
11,0.197652055131454
12,0.205143080129002
13,0.194418131753853
14,0.153608764400336
15,0.194911333367003
16,0.21086696898502
17,0.205143080129002
18,0.197652055131454
19,0.722180393737974
20,0.202324678187451
21,0.411296290807466
22,0.207079255300171
23,0.207079255300171
24,0.155980047018299
25,0.20656316384698
26,0.287920468088993
27,0.187340845787907
28,0.203730252433787
29,0.207990505637769
30,0.205143080129002
31,0.211915880426985
32,0.209946456905622
33,0.283731887597688
34,0.284859267743116
35,0.14547692131054
36,0.220018399158629
37,0.204241087903042
38,0.207990505637769
39,0.211390948517288
40,0.190369059308016
41,0.999996323603365
42,0.165421665694472
43,0.20656316384698
44,0.202324678187451
45,0.200926354297953
46,0.194043346430922
47,0.186862354254239
48,0.213370262725004
49,0.187705700549617
50,0.115574217586081
51,0.211390948517288
52,0.207079255300171
53,0.205143080129002
54,0.203220368344642
55,0.083674596511308
56,0.80353053625143
57,0.353751951965289
58,0.432205588438114
59,0.211390948517288
60,0.209425107021947
61,0.209028898796802
62,0.199033267725142
63,0.207079255300171
64,0.202324678187451
65,0.211390948517288
66,0.196774846197553
67,0.204630568787164
68,0.205656543188601
69,0.204241087903042
70,0.431618011408014
71,0.591762229852023
72,0.200926354297953
73,0.155251997981723
74,0.194043346430922
75,0.812416863587887
76,0.199535277160787
77,0.210468759134187
78,0.211390948517288
79,0.289704720060442
80,0.353751951965289
81,0.6580462311215
82,0.186748225248525
83,0.199033267725142
84,0.211390948517288
85,0.207079255300171
86,0.199033267725142
87,0.333454740531056
88,0.19991803871029
89,0.210468759134187
90,0.208509226096698
91,0.282607206053227
92,0.203220368344642
93,0.205143080129002
94,0.287275895697409
95,0.199033267725142
96,0.251373742272976
97,0.849913000158129
98,0.201817420290727
99,0.424284281319891
100,0.211390948517288
101,0.24788038692459
102,0.259534280593391
103,0.424100774320049
104,0.192199511833847
105,0.17489431489609
106,0.285500589890375
107,0.203730252433787
108,0.20604802438049
109,0.204241087903042
110,0.33927187615701
111,0.205656543188601
112,0.999999949746153
113,0.488439217838078
114,0.191827984977622
115,0.209028898796802
116,0.65885629331168
117,0.175619262397994
118,0.20656316384698
119,0.203220368344642
120,0.166884181390408
121,0.204630568787164
122,0.584433890863644
123,0.200038236558813
124,0.283092964331525
125,0.208509226096698
126,0.209028898796802
127,0.281969818403071
128,0.211390948517288
129,0.209946456905622
130,0.189401166113122
131,0.204241087903042
132,0.207079255300171
133,0.208509226096698
134,0.26349705576094
135,0.291603990134564
136,0.204241087903042
137,0.205656543188601
138,0.256209482566089
139,0.19590057989005
140,0.835458938483206
141,0.201817420290727
142,0.446407454130098
143,0.213370262725004
144,0.209946456905622
145,0.61912461816877
146,0.196774846197553
147,0.367773553381912
148,0.39043722450607
149,0.196774846197553
150,0.203730252433787
151,0.213370262725004
152,0.490609947315768
153,0.233299506455886
154,0.285500589890375
155,0.21086696898502
156,0.423515997094646
157,0.881797957187677
158,0.209946456905622
159,0.285500589890375
160,0.369062803996689
161,0.207990505637769
162,0.196278078773843
163,0.283731887597688
164,0.212316091971848
165,0.282607206053227
166,0.422645452306726
167,0.153706468435356
168,0.238999563311085
169,0.539540150960425
170,0.207079255300171
171,1
172,0.207596298820374
173,0.209946456905622
174,0.922597378291397
175,0.277353804025442
176,0.16557609624539
177,0.209946456905622
178,0.208509226096698
179,0.210468759134187
180,0.287920468088993
181,0.203730252433787
182,0.169525123865558
183,0.249055305607468
184,0.186021929313403
185,0.201431937750455
186,0.200421721347122
187,0.207079255300171
188,0.203730252433787
189,0.192199511833847
190,0.205143080129002
191,0.209425107021947
192,0.341221863330997
193,0.205143080129002
194,0.0718556558510981
195,0.197272562308693
196,0.163292311327209
197,0.209028898796802
198,0.161357741053718
199,0.789411898343624
200,0.191711538182019
201,0.181640077954377
202,0.211915880426985
203,0.167322042376629
204,0.172775605598846
205,0.379409705215727
206,0.229649269754883
207,0.353751951965289
208,0.388371792823395
209,0.190369059308016
210,0.265186320498233
211,0.287275895697409
212,0.565164154305655
213,0.272012210890995
214,0.600126226131115
215,0.186384804549945
216,0.290846195911136
217,0.200421721347122
218,0.33927187615701
219,0.208509226096698
220,0.287920468088993
221,0.203220368344642
222,0.208509226096698
223,0.192571586794823
224,0.666807915294701
225,0.190484882841415
226,0.213370262725004
227,0.206981913022337
228,0.211390948517288
229,0.213370262725004
230,0.27388516314036
231,0.21284270117939
232,0.209425107021947
233,0.244933339988935
234,0.205143080129002
235,0.343346604527548
236,0.195782259779059
237,0.191711538182019
238,0.370529140337829
239,0.168535826394836
240,0.204630568787164
241,0.20522873855903
242,0.193178297370323
243,0.164585912869167
244,0.193061226697157
245,0.205143080129002
246,0.27846569404384
247,0.201817420290727
248,0.342468454836291
249,0.203730252433787
250,0.286632185466434
251,0.199535277160787
252,0.251867254090627
253,0.203730252433787
254,0.319394870320613
255,0.183405611871425
256,0.213370262725004
257,0.209946456905622
258,0.207990505637769
259,0.492781030948536
260,0.214831905527899
261,0.204241087903042
262,0.338030938499101
263,0.207990505637769
264,0.158600270508562
265,0.114446322324028
266,0.196774846197553
267,0.19590057989005
268,0.288411687457731
269,0.358456900730999
270,0.184236892003825
271,0.28021441117013
272,0.205143080129002
273,0.197771227357349
274,0.214301714591462
275,0.186384804549945
276,0.211390948517288
277,0.854035174198542
278,0.202324678187451
279,0.17143084402616
280,1
281,0.191711538182019
282,0.184372440545775
283,0.202324678187451
284,0.161357741053718
285,0.200421721347122
286,0.269823394997265
287,0.21284270117939
288,0.28021441117013
289,0.283731887597688
290,0.207079255300171
291,0.205865159132046
292,0.364471702774901
293,0.196278078773843
294,0.211390948517288
295,0.251867254090627
296,0.375327633487986
297,0.20656316384698
298,0.796885729608938
299,0.204119009048699
300,0.208509226096698
301,0.209946456905622
302,0.206170958071334
303,0.196656127187899
304,0.145868449355661
305,0.203730252433787
306,0.206170958071334
307,0.285500589890375
308,0.199535277160787
309,0.21086696898502
310,0.214831905527899
311,0.193925877522586
312,0.209425107021947
313,0.207079255300171
314,0.208595921215098
315,0.0970858890645606
316,0.211390948517288
317,0.797534809860382
318,0.205351309869708
319,0.295315093570754
320,0.214301714591462
321,0.740467545303185
322,0.143036650368229
323,0.20656316384698
324,0.285500589890375
325,0.201817420290727
326,0.370529140337829
327,0.365756074842154
328,0.20656316384698
329,0.779533994737608
330,0.202324678187451
331,0.341221863330997
332,0.20656316384698
333,0.207472737365036
334,0.353751951965289
335,0.211915880426985
336,0.196774846197553
337,0.375241619758959
338,0.276094469473064
339,0.211915880426985
340,0.227455339753178
341,0.340683761156234
342,0.19590057989005
343,0.211390948517288
344,0.214831905527899
345,0.244655554838275
346,0.187226491826443
347,0.163825492056046
348,0.202832887058674
349,0.161135475158019
350,0.207990505637769
351,0.198532208040319
352,0.244516742163391
353,0.289704720060442
354,0.202832887058674
355,0.46179633653447
356,0.722285947363683
357,0.164585912869167
358,0.205656543188601
359,0.205656543188601
360,0.186862354254239
361,0.200038236558813
362,0.197652055131454
363,0.20604802438049
364,0.198032097886177
365,0.207990505637769
366,0.326668429300471
367,0.280697665855091
368,0.427763274794993
369,0.211390948517288
370,0.211390948517288
371,0.203730252433787
372,0.203730252433787
373,0.208509226096698
374,0.199535277160787
375,0.166551500338167
376,0.198651779555372
377,0.178797173448611
378,0.195405482651881
379,0.21086696898502
380,0.21284270117939
381,0.208509226096698
382,0.382199771332771
383,0.177338956000331
384,0.205656543188601
385,0.272635636200863
386,0.255753397150452
387,0.211390948517288
388,0.338316643193785
389,0.205656543188601
390,0.209425107021947
391,0.197272562308693
392,0.253507624025716
393,0.208509226096698
394,0.298723290247443
395,0.207596298820374
396,0.21086696898502
397,0.75194240009457
398,0.0820474664807598
399,0.211915880426985
400,0.182822639262824
401,0.12303166240931
402,0.091007508010788
403,0.205143080129002
404,0.18070665988876
405,0.296906711839151
406,0.181172900796651
407,0.20656316384698
408,0.286142778173112
409,0.194535826879223
410,0.578124501538353
411,0.193925877522586
412,0.167426743440883
413,0.870292581694881
414,0.209946456905622
415,0.278314766426343
416,0.21086696898502
417,0.209946456905622
418,0.201817420290727
419,0.268585544373765
420,0.289057774713611
421,0.190819515080451
422,0.233459118631992
423,0.268585544373765
424,0.289704720060442
425,0.286632185466434
426,0.211390948517288
427,0.162965389982488
428,0.229940136773864
429,0.0977050631875713
430,0.200421721347122
431,0.492781030948536
432,0.202324678187451
433,0.380661886535772
434,0.211390948517288
435,0.192688431454333
436,0.194043346430922
437,0.197652055131454
438,0.194793466000375
439,0.72528049726605
440,0.200926354297953
441,0.223714872893276
442,0.34139076741365
443,0.203730252433787
444,0.128488614153924
445,0.274361663093435
446,0.254103442051016
447,0.20656316384698
448,0.203730252433787
449,0.436159614698984
450,0.211915880426985
451,0.283731887597688
452,0.213370262725004
453,0.181284382037911
454,0.0973620191488851
455,0.208509226096698
456,0.192199511833847
457,0.242613508678977
458,0.28021441117013
459,0.829146692682055
460,0.209240034520362
461,0.141165907952142
462,0.232042027978445
463,0.213370262725004
464,0.231481885544449
465,0.208509226096698
466,0.21284270117939
467,0.479761476255318
468,0.203730252433787
469,0.210468759134187
470,0.279580317014974
471,0.13556743964229
472,0.195405482651881
473,0.27672369445216
474,0.461479080871382
475,0.266267405020736
476,0.208509226096698
477,0.202324678187451
478,0.209425107021947
479,0.211915880426985
480,0.231615566964888
481,0.268585544373765
482,0.164482637361681
483,0.209028898796802
484,0.204630568787164
485,0.207472737365036
486,0.179887795763874
487,0.809887035729605
488,0.601455120801231
489,0.173118136712631
490,0.206170958071334
491,0.208509226096698
492,0.208904709453782
493,0.204630568787164
494,0.214301714591462
495,0.380150739895144
496,0.786810947816747
497,0.203220368344642
498,0.209946456905622
499,0.207596298820374
500,0.395636805858699
501,0.209028898796802
502,0.20656316384698
503,0.289057774713611
504,0.321286165672724
505,0.144586108204424
506,0.276094469473064
507,0.207079255300171
508,0.20656316384698
509,0.208509226096698
510,0.198151442664723
511,0.200926354297953
512,0.207990505637769
513,0.21086696898502
514,0.712300900096615
515,0.800087996182413
516,0.207079255300171
517,0.209028898796802
518,0.149640621852678
519,0.202832887058674
520,0.199033267725142
521,0.205656543188601
522,0.20656316384698
523,0.323871870965076
524,0.354842019535288
525,0.202324678187451
526,0.444866139934707
527,0.540488679257612
528,0.36374329612784
529,0.159191334765055
530,0.177338956000331
531,0.248020482254867
532,0.193551813138348
533,0.210468759134187
534,0.326995161332859
535,0.26612065037072
536,0.194535826879223
537,0.27153826444697
538,0.210468759134187
539,0.207990505637769
540,0.165245505623326
541,0.202324678187451
542,0.205656543188601
543,0.196101742621192
544,0.192688431454333
545,0.716174323630757
546,0.999999902825942
547,0.207596298820374
548,0.848051683174692
549,0.165452877172287
550,0.29264112753842
551,0.9280795631934
552,0.144493211731339
553,0.407225727348197
554,0.289057774713611
555,0.196656127187899
556,0.207079255300171
557,0.204241087903042
558,0.193925877522586
559,0.211390948517288
560,0.198151442664723
561,0.45963805871155
562,0.202832887058674
563,0.187820279565014
564,0.166988663412008
565,0.365756074842154
566,0.205143080129002
567,0.27421211449765
568,0.173461204505612
569,0.422931434042548
570,0.209946456905622
571,0.295096531788647
572,0.205143080129002
573,0.192688431454333
574,0.287275895697409
575,0.800500202232099
576,0.192571586794823
577,0.192199511833847
578,0.657609838936867
579,0.207990505637769
580,0.513522143067378
581,0.199535277160787
582,0.214301714591462
583,0.195405482651881
584,0.432977796716433
585,0.205656543188601
586,0.187340845787907
587,0.164256910080087
588,0.211390948517288
589,0.194418131753853
590,0.195405482651881
591,0.365200730833644
592,0.211390948517288
593,0.195782259779059
594,0.863000380355121
595,0.191711538182019
596,0.209946456905622
597,0.258326932957412
598,0.317672326570155
599,0.446407454130098
600,0.21284270117939
601,0.681161878453676
602,0.195405482651881
603,0.199033267725142
604,0.226458527048288
605,0.286893275444272
606,0.27846569404384
607,0.369795671843738
608,0.207990505637769
609,0.185071085972668
610,0.211390948517288
611,0.209946456905622
612,0.282607206053227
613,0.210468759134187
614,0.233862708771517
615,0.178038765659554
616,0.189033782707126
617,0.0815185527387246
618,0.268585544373765
619,0.185184423407376
620,0.210468759134187
621,0.473857893305014
622,0.203815472200399
623,0.207990505637769
624,0.313241321482096
625,0.300232452704401
626,0.209425107021947
627,0.205656543188601
628,0.203730252433787
629,0.142083863197705
630,1
631,0.207990505637769
632,0.249195844959809
633,0.23429204572559
634,0.202203453741461
635,0.173118136712631
636,0.179424137343308
637,0.143128767069345
638,0.207079255300171
639,0.159121044386398
640,0.324561163013366
641,0.21284270117939
642,0.869126019010039
643,0.624850669657913
644,0.486988814058047
645,0.198651779555372
646,0.205656543188601
647,0.36374329612784
648,0.213370262725004
649,0.984833429017829
650,0.211390948517288
651,0.185908196253291
652,0.256809466164783
653,0.447370788509979
654,0.202832887058674
655,0.293292784286641
656,0.207079255300171
657,0.983840857035552
658,0.208509226096698
659,0.285500589890375
660,0.39043722450607
661,0.213370262725004
662,0.192199511833847
663,0.255610418598275
664,0.211915880426985
665,0.0995761136986556
666,0.202324678187451
667,0.208509226096698
668,0.207990505637769
669,0.22452321768806
670,0.209425107021947
671,0.211390948517288
672,0.593188611307192
673,0.194911333367003
674,0.278947101666578
675,0.207990505637769
676,0.351597296844795
677,0.125098241711973
678,0.205656543188601
679,0.808956789914265
680,0.20656316384698
681,0.165091322404995
682,0.174473346915431
683,0.203220368344642
684,0.205143080129002
685,0.563488047939209
686,0.542467053895038
687,0.195782259779059
688,0.20604802438049
689,0.242270153495388
690,0.0886876919774957
691,0.211390948517288
692,0.155980047018299
693,0.289320178051012
694,0.194043346430922
695,0.20656316384698
696,0.201311113204987
697,0.199535277160787
698,0.209946456905622
699,0.211390948517288
700,0.288411687457731
701,0.208509226096698
702,0.449939202998359
703,0.199535277160787
704,0.260139326995578
705,0.193061226697157
706,0.21086696898502
707,0.193434570375112
708,0.179071831254184
709,0.192316184505639
710,0.203730252433787
711,0.907839026644383
712,0.147555483154381
713,0.20656316384698
714,0.20656316384698
715,0.193551813138348
716,0.198532208040319
717,0.152889778573766
718,0.286142778173112
719,0.165122483886003
720,0.198151442664723
721,0.295096531788647
722,0.359007789392857
723,0.310701486609131
724,0.999999765959361
725,0.20604802438049
726,0.209946456905622
727,0.203220368344642
728,0.573789094940897
729,0.377366495078748
730,0.179887795763874
731,0.153200186885487
732,0.170306612055767
733,0.180076197937385
734,0.203220368344642
735,0.185263690441468
736,0.197652055131454
737,0.153297678110684
738,0.194043346430922
739,0.174365162102137
740,0.209946456905622
741,0.154839849292413
742,0.207990505637769
743,0.185908196253291
744,0.128414047611973
745,0.361735276509772
746,0.204630568787164
747,0.26349705576094
748,0.190000238530162
749,0.190369059308016
750,0.154018233382056
751,0.214301714591462
752,0.958178836380927
753,0.1994153061911
754,0.211390948517288
755,0.605669709342054
756,0.283092964331525
757,0.235718659656236
758,0.258930148944013
759,0.190854422723873
760,0.21284270117939
761,0.15074936283994
762,0.200038236558813
763,0.187705700549617
764,0.200038236558813
765,0.20656316384698
766,0.194418131753853
767,0.200421721347122
768,0.207472737365036
769,0.178148737953332
770,0.416626602905561
771,0.359088923390267
772,0.374590318854467
773,0.485483048504007
774,0.211390948517288
775,0.39043722450607
776,0.214137196557208
777,0.293292784286641
778,0.499016044230389
779,0.195405482651881
780,0.182108191865985
781,0.199535277160787
782,0.198532208040319
783,0.20656316384698
784,0.204241087903042
785,0.325086355972722
786,0.201431937750455
787,0.200805756757932
788,0.205656543188601
789,0.196774846197553
790,0.232042027978445
791,0.195405482651881
792,0.207990505637769
793,0.291495502797626
794,0.213370262725004
795,0.207079255300171
796,0.211390948517288
797,0.208509226096698
798,0.200421721347122
799,0.26349705576094
800,0.205656543188601
801,0.197272562308693
802,0.156810188447284
803,0.206170958071334
804,0.205143080129002
805,0.285500589890375
806,0.285500589890375
807,0.507326613942131
808,0.477593742931742
809,0.287275895697409
810,0.20604802438049
811,0.208509226096698
812,0.277353804025442
813,0.204241087903042
814,0.28021441117013
815,0.204241087903042
816,0.208509226096698
817,0.196774846197553
818,0.231056144259203
819,0.215047309138008
820,0.442475096272053
821,0.211204602879552
822,0.205656543188601
823,0.20656316384698
824,0.208509226096698
825,0.204241087903042
826,0.168095430301236
827,0.178148737953332
828,0.573493734503985
829,0.202832887058674
830,0.142267122262239
831,0.26349705576094
832,0.210468759134187
833,0.277203247522969
834,0.20656316384698
835,0.209946456905622
836,0.211390948517288
837,0.533969805122454
838,0.185908196253291
839,0.21284270117939
840,0.199535277160787
841,0.188666946056774
842,0.21086696898502
843,0.361182560872907
844,0.205143080129002
845,0.205143080129002
846,0.150108383753519
847,0.291495502797626
848,0.20656316384698
849,0.202324678187451
850,0.197272562308693
851,0.205143080129002
852,0.376627590039803
853,0.209946456905622
854,0.696347975171001
855,0.992730199781818
856,0.0930786303961285
857,0.196774846197553
858,0.211390948517288
859,0.203220368344642
860,0.293292784286641
861,0.341929407154301
862,0.188666946056774
863,0.203730252433787
864,0.21284270117939
865,0.209946456905622
866,0.139781517771427
867,0.369237765073457
868,0.202832887058674
869,0.184124003438768
870,0.732085549867275
871,0.287275895697409
872,0.207990505637769
873,0.198151442664723
874,0.209425107021947
875,0.854035174198542
876,0.135655507563556
877,0.279580317014974
878,0.503678856350571
879,0.0714899053651824
880,0.201817420290727
881,0.202832887058674
882,0.208904709453782
883,0.204241087903042
884,0.211390948517288
885,0.19991803871029
886,0.585256289282094
887,0.179313549515406
888,0.205143080129002
889,0.208509226096698
890,0.256209482566089
891,0.211390948517288
892,0.277834029598284
893,0.200926354297953
894,0.276094469473064
895,0.188185851826242
896,0.231615566964888
897,0.186021929313403
898,0.20604802438049
899,0.207079255300171
900,0.200421721347122
901,0.194911333367003
902,0.265186320498233
903,0.204630568787164
904,0.295096531788647
905,0.200421721347122
906,0.209425107021947
907,0.0537704122645012
908,0.208509226096698
909,0.580241264064628
910,0.199033267725142
911,0.295096531788647
912,0.241020871229084
913,0.211390948517288
914,0.198532208040319
915,0.201431937750455
916,0.197153616720397
917,0.205143080129002
918,0.195782259779059
919,0.170645258077599
920,0.207079255300171
921,0.211390948517288
922,0.205656543188601
923,0.373293183253955
924,0.352486306073513
925,0.205143080129002
926,0.209028898796802
927,0.287874123161267
928,0.208509226096698
929,0.122869631778937
930,0.209028898796802
931,0.384253000589382
932,0.190000238530162
933,0.178499622832811
934,0.9887447294619
935,0.175272831535681
936,0.211915880426985
937,0.213370262725004
938,0.204630568787164
939,0.156810188447284
940,0.795318790832341
941,0.27351353356412
942,0.201431937750455
943,0.285500589890375
944,0.204119009048699
945,0.202324678187451
946,0.212316091971848
947,0.189285847449491
948,0.213370262725004
949,0.864393376403345
950,0.194043346430922
951,0.205656543188601
952,0.209425107021947
953,0.972736396443609
954,0.384253000589382
955,0.194043346430922
956,0.200421721347122
957,0.21284270117939
958,0.269675400785715
959,0.208509226096698
960,0.20656316384698
961,0.353580215435542
962,0.207990505637769
963,0.190369059308016
964,0.538219517831593
965,0.21284270117939
966,0.276094469473064
967,0.302724292764339
968,0.209425107021947
969,0.144104752208147
970,0.208509226096698
971,0.458115015309701
972,0.199535277160787
973,0.348531221654768
974,0.201938471883585
975,0.21284270117939
976,0.215767987899402
977,0.209946456905622
978,0.208509226096698
979,0.574467018666899
980,0.769786923797148
981,0.125705928031227
982,0.209946456905622
983,0.863109332288169
984,0.664875148334728
985,0.285500589890375
986,0.520029774865421
987,0.209425107021947
988,0.672511805226107
989,0.203730252433787
990,0.276094469473064
991,0.330996307797597
992,0.208509226096698
993,0.205533836811284
994,0.144104752208147
995,0.207079255300171
996,0.627197682305336
997,0.210468759134187
998,0.293292784286641
999,0.283092964331525
1000,0.150959880542066
1001,0.209425107021947
1002,0.160508107981366
1003,0.266267405020736
1004,0.171537586498002
1005,0.208509226096698
1006,0.198151442664723
1007,0.203730252433787
1008,0.187820279565014
1009,0.413130554890145
1010,0.519150524469501
1011,0.208509226096698
1012,0.249195844959809
1013,0.199535277160787
1014,0.209028898796802
1015,0.916226327708323
1016,0.209946456905622
1017,0.286632185466434
1018,0.202711435496522
1019,0.207079255300171
1020,0.19991803871029
1021,0.209946456905622
1022,0.197652055131454
1023,0.24000876138501
1024,0.191711538182019
1025,0.196278078773843
1026,0.21284270117939
1027,0.207079255300171
1028,0.19991803871029
1029,0.0713808935595306
1030,0.176075198240561
1031,0.748917715877509
1032,0.498362879257324
1033,0.164585912869167
1034,0.203220368344642
1035,0.198735405203458
1036,0.818267569044672
1037,0.566136328877687
1038,0.418856122177225
1039,0.203220368344642
1040,0.144789486462194
1041,0.211390948517288
1042,0.357011243201953
1043,0.21284270117939
1044,0.181172900796651
1045,0.290846195911136
1046,0.268115369532797
1047,0.212316091971848
1048,0.198151442664723
1049,0.211915880426985
1050,0.211390948517288
1051,0.230234370075444
1052,0.208509226096698
1053,0.351213140432458
1054,0.205143080129002
1055,0.211390948517288
1056,0.198234909791664
1057,0.211390948517288
1058,0.187340845787907
1059,0.207472737365036
1060,0.214301714591462
1061,0.401422471942074
1062,0.21284270117939
1063,0.205143080129002
1064,0.203220368344642
1065,0.194043346430922
1066,0.508168889167113
1067,0.244794420782971
1068,0.198532208040319
1069,0.205619616195505
1070,0.207472737365036
1071,0.290846195911136
1072,0.26749847921458
1073,0.188185851826242
1074,0.211390948517288
1075,0.194043346430922
1076,0.183293118214992
1077,0.679656869345366
1078,0.131546796832114
1079,0.0878074156646731
1080,0.205143080129002
1081,0.214831905527899
1082,0.202711435496522
1083,0.159662096949964
1084,0.0920100075685987
1085,0.198651779555372
1086,0.281333304554422
1087,0.204241087903042
1088,0.168044132193887
1089,0.207079255300171
1090,0.209425107021947
1091,0.33222438148839
1092,0.198532208040319
1093,0.265186320498233
1094,0.258470903409052
1095,0.173078264919925
1096,0.205143080129002
1097,0.193178297370323
1098,0.235312850347801
1099,0.276094469473064
1100,0.82137429800184
1101,0.266882490688663
1102,0.239871747945739
1103,0.201817420290727
1104,0.201817420290727
1105,0.193434570375112
1106,0.457164484497186
1107,0.209946456905622
1108,0.804413657236457
1109,0.205143080129002
1110,0.194911333367003
1111,0.186384804549945
1112,0.47680887477379
1113,0.200421721347122
1114,0.82137429800184
1115,0.285500589890375
1116,0.151768108429655
1117,0.191340731164052
1118,0.193178297370323
1119,0.204241087903042
1120,0.208509226096698
1121,0.30801284876096
1122,0.293092217672047
1123,0.207079255300171
1124,0.214301714591462
1125,0.198532208040319
1126,0.209028898796802
1127,0.274988439107793
1128,0.737282147610514
1129,0.189516538609071
1130,0.208509226096698
1131,0.15452672500936
1132,0.382199771332771
1133,0.229383552703472
1134,0.193925877522586
1135,0.214831905527899
1136,0.201431937750455
1137,0.196774846197553
1138,0.198151442664723
1139,0.205656543188601
1140,0.871451529572372
1141,0.426653818025638
1142,0.184428824795965
1143,0.192199511833847
1144,0.205656543188601
1145,0.213370262725004
1146,0.207079255300171
1147,0.208509226096698
1148,0.228670525090481
1149,0.24743419596115
1150,0.250467949746789
1151,0.291495502797626
1152,0.283731887597688
1153,0.289704720060442
1154,0.227010104501113
1155,0.211390948517288
1156,0.203730252433787
1157,0.38250123656302
1158,0.209946456905622
1159,0.131692699906854
1160,0.1966811462476
1161,0.110278700347973
1162,0.203730252433787
1163,0.214831905527899
1164,0.207079255300171
1165,0.245473761520614
1166,0.210468759134187
1167,0.293292784286641
1168,0.174257030210475
1169,0.214831905527899
1170,0.799845842512459
1171,0.216389856826251
1172,0.190369059308016
1173,0.207990505637769
1174,0.201431937750455
1175,0.188300655991908
1176,0.373853585792191
1177,0.209946456905622
1178,0.207079255300171
1179,0.157444492152374
1180,0.235854036931419
1181,0.539975479136902
1182,0.278947101666578
1183,0.209946456905622
1184,0.21086696898502
1185,0.185546037319871
1186,0.19991803871029
1187,0.167322042376629
1188,0.234426854983393
1189,0.847157031603092
1190,0.202832887058674
1191,0.203220368344642
1192,0.999999985033291
1193,0.207990505637769
1194,0.205143080129002
1195,0.207990505637769
1196,0.180352389005078
1197,0.198151442664723
1198,0.859056421803635
1199,0.208509226096698
1200,0.195405482651881
1201,0.257410368537613
1202,0.179424137343308
1203,0.194535826879223
1204,0.287275895697409
1205,0.283731887597688
1206,0.201431937750455
1207,0.181061472949742
1208,0.265799813506755
1209,0.209946456905622
1210,0.212556160065333
1211,0.202324678187451
1212,0.212316091971848
1213,0.209946456905622
1214,0.207079255300171
1215,0.200038236558813
1216,0.205143080129002
1217,0.196278078773843
1218,0.201817420290727
1219,0.214831905527899
1220,0.200926354297953
1221,0.289057774713611
1222,0.209946456905622
1223,0.758512721536836
1224,0.52348597362627
1225,0.211915880426985
1226,0.191340731164052
1227,0.301476752170574
1228,0.193551813138348
1229,0.194043346430922
1230,0.19122451016392
1231,0.376065526728593
1232,0.193551813138348
1233,0.204630568787164
1234,0.27846569404384
1235,0.205143080129002
1236,0.277834029598284
1237,0.209946456905622
1238,0.28021441117013
1239,0.325611989089823
1240,0.165245505623326
1241,0.280697665855091
1242,0.293292784286641
1243,0.213370262725004
1244,0.209028898796802
1245,0.339808897645321
1246,0.14933615388788
1247,0.257868385018902
1248,0.786083018373366
1249,0.368505356367445
1250,0.20604802438049
1251,0.683944693005346
1252,0.281969818403071
1253,0.273735776295345
1254,0.244794420782971
1255,0.197652055131454
1256,0.151979794190031
1257,0.36374329612784
1258,0.197652055131454
1259,0.356461714466461
1260,0.208509226096698
1261,0.208509226096698
1262,0.213370262725004
1263,0.254103442051016
1264,0.204241087903042
1265,0.205143080129002
1266,0.242986322341935
1267,0.210468759134187
1268,0.0729147756125354
1269,0.201817420290727
1270,0.20656316384698
1271,0.687174414998351
1272,0.208509226096698
1273,0.291495502797626
1274,0.210468759134187
1275,0.86926107963087
1276,0.2190690279447
1277,0.199033267725142
1278,0.211390948517288
1279,0.193551813138348
1280,0.20822408443215
1281,0.209946456905622
1282,0.17642287574979
1283,0.213370262725004
1284,0.21086696898502
1285,0.914276103128617
1286,0.203730252433787
1287,0.191340731164052
1288,0.198651779555372
1289,0.175164256176881
1290,0.276094469473064
1291,0.360456999362162
1292,0.195405482651881
1293,0.185071085972668
1294,0.201431937750455
1295,0.287838723404432
1296,0.790107649986462
1297,0.16943919442636
1298,0.202917827116402
1299,0.208509226096698
1300,0.471095929723454
1301,0.420046190597868
1302,0.203730252433787
1303,0.332755865742706
1304,0.257266783865463
1305,0.21284270117939
1306,0.380674384733755
1307,0.209946456905622
1308,0.214301714591462
1309,0.856806140595032
1310,0.229649269754883
1311,0.20656316384698
1312,0.190854422723873
1313,0.197272562308693
1314,0.166551500338167
1315,0.209946456905622
1316,0.428246577752009
1317,0.194535826879223
1318,0.249644158856204
1319,0.209946456905622
1320,0.200926354297953
1321,0.820747804136407
1322,0.190854422723873
1323,0.262423196348316
1324,0.209946456905622
1325,0.214301714591462
1326,0.192199511833847
1327,0.205143080129002
1328,0.334687372372457
1329,0.203730252433787
1330,0.203730252433787
1331,0.201817420290727
1332,0.159863803581237
1333,0.209946456905622
1334,0.50563730015071
1335,0.196396625354753
1336,0.150653203884731
1337,0.205143080129002
1338,0.204241087903042
1339,0.200926354297953
1340,0.205656543188601
1341,0.26749847921458
1342,0.438796829234308
1343,0.14825377390639
1344,0.216300807779722
1345,0.177798393540731
1346,0.193061226697157
1347,0.203730252433787
1348,0.628258840855866
1349,0.193751145159022
1350,0.205656543188601
1351,0.210468759134187
1352,0.208509226096698
1353,0.21284270117939
1354,0.286403601333857
1355,0.211390948517288
1356,0.205143080129002
1357,0.254103442051016
1358,0.205143080129002
1359,0.182710423172819
1360,0.14844361394729
1361,0.191340731164052
1362,0.420228768787339
1363,0.14844361394729
1364,0.208509226096698
1365,0.205143080129002
1366,0.187226491826443
1367,0.173118136712631
1368,0.16501893819369
1369,0.951392731082342
1370,0.202324678187451
1371,0.185071085972668
1372,0.279580317014974
1373,0.369237765073457
1374,0.27672369445216
1375,0.69372143570935
1376,0.999986982478126
1377,0.812069216416052
1378,0.159020545279002
1379,0.200926354297953
1380,0.283731887597688
1381,0.169313683837074
1382,0.138830063432543
1383,0.203730252433787
1384,0.368505356367445
1385,0.211390948517288
1386,0.111519482908449
1387,0.208509226096698
1388,0.544226024489686
1389,0.28021441117013
1390,0.228960520903743
1391,0.166447237187988
1392,0.17143084402616
1393,0.552515124598415
1394,0.214831905527899
1395,0.289057774713611
1396,0.184236892003825
1397,0.253507624025716
1398,0.236285902179678
1399,0.203730252433787
1400,0.284859267743116
1401,0.254869568991098
1402,0.204241087903042
1403,0.192316184505639
1404,0.921559728832451
1405,0.375327633487986
1406,0.190854422723873
1407,0.203730252433787
1408,0.431517688058394
1409,0.205656543188601
1410,0.20656316384698
1411,0.17143084402616
1412,0.185546037319871
1413,0.204241087903042
1414,0.210468759134187
1415,0.203220368344642
1416,0.185659599349926
1417,0.211390948517288
1418,0.198532208040319
1419,0.587338093999144
1420,0.207079255300171
1421,0.204241087903042
1422,0.200926354297953
1423,0.172326426824311
1424,0.203730252433787
1425,0.286632185466434
1426,0.200926354297953
1427,0.211390948517288
1428,0.203730252433787
1429,0.211390948517288
1430,0.218274792580585
1431,0.312564945098415
1432,0.186862354254239
1433,0.229185955693213
1434,0.194911333367003
1435,0.202832887058674
1436,0.209946456905622
1437,0.210468759134187
1438,0.201817420290727
1439,0.205143080129002
1440,0.211390948517288
1441,0.576797901751893
1442,0.199535277160787
1443,0.330829963149093
1444,0.211915880426985
1445,0.293292784286641
1446,0.205143080129002
1447,0.186862354254239
1448,0.20604802438049
1449,0.207079255300171
1450,0.551176275530212
1451,0.211390948517288
1452,0.201817420290727
1453,0.207990505637769
1454,0.175728059705387
1455,0.369535121771897
1456,0.205143080129002
1457,0.109356065491367
1458,0.198151442664723
1459,0.203220368344642
1460,0.205656543188601
1461,0.263598999655321
1462,0.200038236558813
1463,0.20604802438049
1464,0.260600495144146
1465,0.207990505637769
1466,0.203730252433787
1467,0.211390948517288
1468,0.20604802438049
1469,0.144400364868737
1470,0.144603526022095
1471,0.184124003438768
1472,0.121400519703461
1473,0.207990505637769
1474,0.279580317014974
1475,0.196656127187899
1476,0.209425107021947
1477,0.277834029598284
1478,0.205143080129002
1479,0.294799267187928
1480,0.21284270117939
1481,0.21086696898502
1482,0.202324678187451
1483,0.202324678187451
1484,0.211915880426985
1485,0.207990505637769
1486,0.207990505637769
1487,0.208509226096698
1488,0.186748225248525
1489,0.201431937750455
1490,0.211390948517288
1491,0.653972016755262
1492,0.189516538609071
1493,0.196774846197553
1494,0.266414211220877
1495,0.174365162102137
1496,0.209946456905622
1497,0.194911333367003
1498,0.207079255300171
1499,0.21086696898502
1500,0.193178297370323
1501,0.254557591488746
1502,0.182108191865985
1503,0.154018233382056
1504,0.276094469473064
1505,0.211390948517288
1506,0.20656316384698
1507,0.595531885338407
1508,0.197652055131454
1509,0.202324678187451
1510,0.194535826879223
1511,0.167531496839779
1512,0.203730252433787
1513,0.425236546429978
1514,0.190854422723873
1515,0.210468759134187
1516,0.202324678187451
1517,0.21086696898502
1518,0.205656543188601
1519,0.197652055131454
1520,0.146654126555249
1521,0.208509226096698
1522,0.283092964331525
1523,0.207472737365036
1524,0.205143080129002
1525,0.212316091971848
1526,0.203730252433787
1527,0.270443667378442
1528,0.201817420290727
1529,0.152076648272311
1530,0.179071831254184
1531,0.203730252433787
1532,0.211390948517288
1533,0.21284270117939
1534,0.284859267743116
1535,0.779707479870835
1536,0.163825492056046
1537,0.21086696898502
1538,0.251867254090627
1539,0.570398174588303
1540,0.276094469473064
1541,0.209946456905622
1542,0.212129150172048
1543,0.215767987899402
1544,0.362461952784348
1545,0.886557351657645
1546,0.173719681531472
1547,0.209946456905622
1548,0.206170958071334
1549,0.209946456905622
1550,0.200038236558813
1551,0.287275895697409
1552,0.179776984770184
1553,0.165679922172201
1554,0.818882140205871
1555,0.193178297370323
1556,0.211603831823656
1557,0.209028898796802
1558,0.286142778173112
1559,0.200926354297953
1560,0.212804829541753
1561,0.207990505637769
1562,0.211390948517288
1563,0.207079255300171
1564,0.241020871229084
1565,0.203362234875583
1566,0.20656316384698
1567,0.21284270117939
1568,0.206170958071334
1569,0.205656543188601
1570,0.291495502797626
1571,0.206096972205603
1572,0.211915880426985
1573,0.158600270508562
1574,0.253054711906939
1575,0.195405482651881
1576,0.214831905527899
1577,0.466623791503687
1578,0.207079255300171
1579,0.427947188927279
1580,0.186021929313403
1581,0.208509226096698
1582,0.613096074918644
1583,0.200805756757932
1584,0.187226491826443
1585,0.180352389005078
1586,0.204630568787164
1587,0.311069230379535
1588,0.201938471883585
1589,0.896339701524316
1590,0.575373116786334
1591,0.850733992947043
1592,0.195405482651881
1593,0.211915880426985
1594,0.208509226096698
1595,0.229516384230487
1596,0.491145796289752
1597,0.235287511761244
1598,0.35519170218567
1599,0.272012210890995
1600,0.188666946056774
1601,0.262423196348316
1602,0.284218813147535
1603,0.20656316384698
1604,0.203730252433787
1605,0.204241087903042
1606,0.209946456905622
1607,0.203220368344642
1608,0.209946456905622
1609,0.37126320658352
1610,0.181640077954377
1611,0.207990505637769
1612,0.20054214612216
1613,0.286632185466434
1614,0.200926354297953
1615,0.203730252433787
1616,0.905072586574581
1617,0.189516538609071
1618,0.166219350163032
1619,0.254415052923709
1620,0.209425107021947
1621,0.197735363775684
1622,0.379409705215727
1623,0.200926354297953
1624,0.666914651486911
1625,0.100675297956514
1626,0.264108045380224
1627,0.195405482651881
1628,0.207079255300171
1629,0.219416398851988
1630,0.211390948517288
1631,0.560314622668483
1632,0.284859267743116
1633,0.207472737365036
1634,0.186384804549945
1635,0.197652055131454
1636,0.207990505637769
1637,0.207079255300171
1638,0.499814898610103
1639,0.955599537601917
1640,0.200421721347122
1641,0.199535277160787
1642,0.19590057989005
1643,0.389587535990453
1644,0.209425107021947
1645,0.27672369445216
1646,0.204241087903042
1647,0.272012210890995
1648,0.209636536878949
1649,0.209946456905622
1650,0.198532208040319
1651,0.205143080129002
1652,0.287920468088993
1653,0.203730252433787
1654,0.294442537119258
1655,0.241158332800403
1656,0.230364437767356
1657,0.199033267725142
1658,0.209425107021947
1659,0.190565888079254
1660,0.195782259779059
1661,0.20502060104087
1662,0.205143080129002
1663,0.198532208040319
1664,0.224392434327641
1665,0.209425107021947
1666,0.170645258077599
1667,0.253507624025716
1668,0.23049766740889
1669,0.379409705215727
1670,0.207079255300171
1671,0.296906711839151
1672,0.35519170218567
1673,0.556148411478784
1674,0.20656316384698
1675,0.200038236558813
1676,0.189516538609071
1677,0.168430572070631
1678,0.147644512769789
1679,0.188071101437263
1680,0.205533836811284
1681,0.280849382818323
1682,0.208509226096698
1683,0.211390948517288
1684,0.209946456905622
1685,0.207596298820374
1686,0.186384804549945
1687,0.159863803581237
1688,0.199033267725142
1689,0.181640077954377
1690,0.213370262725004
1691,0.189516538609071
1692,0.201010697280113
1693,0.296906711839151
1694,0.208509226096698
1695,0.205656543188601
1696,0.199033267725142
1697,0.200038236558813
1698,0.205656543188601
1699,0.870647300968551
1700,0.205143080129002
1701,0.361735276509772
1702,0.202832887058674
1703,0.25023394042411
1704,0.162536704402242
1705,0.202324678187451
1706,0.205656543188601
1707,0.207079255300171
1708,0.29264112753842
1709,0.208509226096698
1710,0.383508916907867
1711,0.587575817354445
1712,1
1713,0.207079255300171
1714,0.21284270117939
1715,0.214301714591462
1716,0.204241087903042
1717,0.21284270117939
1718,0.201431937750455
1719,0.21284270117939
1720,0.201311113204987
1721,0.195405482651881
1722,0.200038236558813
1723,0.235718659656236
1724,0.20656316384698
1725,0.195864972708097
1726,0.205143080129002
1727,0.211390948517288
1728,0.185546037319871
1729,0.207079255300171
1730,0.258930148944013
1731,0.172346513133726
1732,0.194535826879223
1733,0.374590318854467
1734,0.204630568787164
1735,0.214831905527899
1736,0.193061226697157
1737,0.187226491826443
1738,0.164915444607086
1739,0.289057774713611
1740,0.203220368344642
1741,0.203730252433787
1742,0.141883654874992
1743,0.198532208040319
1744,0.205656543188601
1745,0.19590057989005
1746,0.873133489717692
1747,0.205143080129002
1748,0.213370262725004
1749,0.283092964331525
1750,0.173118136712631
1751,0.287920468088993
1752,0.208509226096698
1753,0.204241087903042
1754,0.20656316384698
1755,0.207079255300171
1756,0.203220368344642
1757,0.169968500348831
1758,0.242035889860279
1759,0.277203247522969
1760,0.203730252433787
1761,0.467683223256552
1762,0.185071085972668
1763,0.293292784286641
1764,0.38481975353481
1765,0.213370262725004
1766,0.199033267725142
1767,0.21284270117939
1768,0.673884490675531
1769,0.181172900796651
1770,0.370826925608148
1771,0.209946456905622
1772,0.33222438148839
1773,0.203220368344642
1774,0.203730252433787
1775,0.376627590039803
1776,0.198532208040319
1777,0.207079255300171
1778,0.185908196253291
1779,0.209946456905622
1780,0.209946456905622
1781,0.190369059308016
1782,0.17301061610712
1783,0.256809466164783
1784,0.187226491826443
1785,0.289057774713611
1786,0.201311113204987
1787,0.236285902179678
1788,0.193178297370323
1789,0.199535277160787
1790,0.211390948517288
1791,0.518740259888229
1792,0.175966231893283
1793,0.173118136712631
1794,0.197652055131454
1795,0.999982516208478
1796,0.999217580540418
1797,0.238564287559581
1798,0.202324678187451
1799,0.178609817935208
1800,0.204630568787164
1801,0.1814168284139
1802,0.209946456905622
1803,0.295096531788647
1804,0.280697665855091
1805,0.459113842550969
1806,0.183293118214992
1807,0.211915880426985
1808,0.200421721347122
1809,0.208509226096698
1810,0.184597074829058
1811,0.197771227357349
1812,0.216300807779722
1813,0.241596839813353
1814,0.206170958071334
1815,0.20604802438049
1816,0.201311113204987
1817,0.269204020291993
1818,0.470312126408867
1819,0.190854422723873
1820,0.214831905527899
1821,0.192199511833847
1822,0.546657003842419
1823,0.457164484497186
1824,0.277203247522969
1825,0.211390948517288
1826,0.154741556549263
1827,0.207990505637769
1828,0.208509226096698
1829,0.207990505637769
1830,0.270295458894971
1831,0.208509226096698
1832,0.200038236558813
1833,0.208509226096698
1834,0.856500957849154
1835,0.22246970367689
1836,0.213370262725004
1837,0.208509226096698
1838,0.168200517553244
1839,0.209946456905622
1840,0.210468759134187
1841,0.25515503376395
1842,0.280348771462608
1843,0.34139076741365
1844,0.289704720060442
1845,0.202832887058674
1846,0.264573733227787
1847,0.21284270117939
1848,0.192199511833847
1849,0.205656543188601
1850,0.151768108429655
1851,0.16060936766731
1852,0.171537586498002
1853,0.199033267725142
1854,0.207990505637769
1855,0.290197742951016
1856,0.145383549764985
1857,0.202324678187451
1858,0.21086696898502
1859,0.211390948517288
1860,0.338735267906676
1861,0.210468759134187
1862,0.103281035465396
1863,0.291495502797626
1864,0.198151442664723
1865,0.204119009048699
1866,0.213370262725004
1867,0.31631005505915
1868,1
1869,0.283092964331525
1870,0.702182578377141
1871,0.733906087534545
1872,0.209946456905622
1873,0.209425107021947
1874,0.203730252433787
1875,0.200926354297953
1876,0.14704827765987
1877,0.208509226096698
1878,0.208509226096698
1879,0.28875103809049
1880,0.209946456905622
1881,0.281333304554422
1882,0.190854422723873
1883,0.311889365926238
1884,0.105409308562599
1885,0.385564789884083
1886,0.281404590975345
1887,0.203220368344642
1888,0.207990505637769
1889,0.610897949719738
1890,0.163497711838685
1891,0.279098239579914
1892,0.199033267725142
1893,0.351822407862635
1894,0.20656316384698
1895,0.319231573947224
1896,0.201431937750455
1897,0.160508107981366
1898,0.205143080129002
1899,0.146859914324413
1900,0.701491210912908
1901,0.1994153061911
1902,0.255780202553777
1903,0.21284270117939
1904,0.277353804025442
1905,0.213370262725004
1906,0.482159571676292
1907,0.283092964331525
1908,0.27153826444697
1909,0.526942296316317
1910,0.702489974203985
1911,0.227010104501113
1912,0.650185038023942
1913,0.230560205180716
1914,0.190854422723873
1915,0.203220368344642
1916,0.201431937750455
1917,0.20604802438049
1918,0.203730252433787
1919,0.163497711838685
1920,0.205656543188601
1921,0.58159062262173
1922,0.19923685023629
1923,0.209028898796802
1924,0.211390948517288
1925,0.202324678187451
1926,0.170984438708573
1927,0.205656543188601
1928,0.183293118214992
1929,0.193551813138348
1930,0.191711538182019
1931,0.207596298820374
1932,0.171985136370812
1933,0.186384804549945
1934,0.208509226096698
1935,0.198151442664723
1936,0.284859267743116
1937,0.176989861137893
1938,0.203220368344642
1939,0.209425107021947
1940,0.993349917510624
1941,0.293292784286641
1942,0.207990505637769
1943,0.204241087903042
1944,0.183764535638363
1945,0.163497711838685
1946,0.201431937750455
1947,0.154741556549263
1948,0.20656316384698
1949,0.208509226096698
1950,0.205143080129002
1951,0.20656316384698
1952,0.262308444721743
1953,0.208904709453782
1954,0.192770150622568
1955,0.204241087903042
1956,0.197652055131454
1957,0.284859267743116
1958,0.211390948517288
1959,0.200926354297953
1960,0.21086696898502
1961,0.15944172269652
1962,0.211390948517288
1963,0.20656316384698
1964,0.203730252433787
1965,0.383508916907867
1966,0.836613734111606
1967,0.265186320498233
1968,0.21086696898502
1969,0.21086696898502
1970,0.83581183703208
1971,0.20656316384698
1972,0.200805756757932
1973,0.269056240618815
1974,0.171878173181332
1975,0.208509226096698
1976,0.199033267725142
1977,0.219478986276914
1978,0.205656543188601
1979,0.999994101243068
1980,0.91278006883575
1981,0.176989861137893
1982,0.211390948517288
1983,0.204326466519114
1984,0.288411687457731
1985,0.20054214612216
1986,0.204241087903042
1987,0.420629672561642
1988,0.20656316384698
1989,0.286632185466434
1990,0.203730252433787
1991,0.230851880213961
1992,0.194043346430922
1993,0.209425107021947
1994,0.180241354719427
1995,0.189033782707126
1996,0.38762475426268
1997,0.205143080129002
1998,0.199033267725142
1999,0.193551813138348
2000,0.213370262725004
2001,0.384253000589382
2002,0.357509221774306
2003,0.21284270117939
2004,0.186384804549945
2005,0.205656543188601
2006,0.282607206053227
2007,0.858304881928605
2008,0.592120490495359
2009,0.214831905527899
2010,0.21284270117939
2011,0.190878879055103
2012,0.193551813138348
2013,0.741641976022804
2014,0.750608517151546
2015,0.198151442664723
2016,0.199535277160787
2017,0.251274913075081
2018,0.188771607777336
2019,0.21284270117939
2020,0.17768859075802
2021,0.27153826444697
2022,0.200926354297953
2023,0.189516538609071
2024,0.0583489388676715
2025,0.145663813673278
2026,0.391794428587261
2027,0.183405611871425
2028,0.332057725996337
2029,0.190000238530162
2030,0.205656543188601
2031,0.209115752900202
2032,0.213370262725004
2033,0.089794429083371
2034,0.109036347306858
2035,0.376065526728593
2036,0.153200186885487
2037,0.208509226096698
2038,0.199535277160787
2039,0.20656316384698
2040,0.217776967863501
2041,0.210468759134187
2042,0.19590057989005
2043,0.290846195911136
2044,0.235583336129801
2045,0.211390948517288
2046,0.152173553002014
2047,0.231615566964888
2048,0.21284270117939
2049,0.203730252433787
2050,0.49495238689111
2051,0.191305755603497
2052,0.20656316384698
2053,0.243633081439943
2054,0.209425107021947
2055,0.196774846197553
2056,0.289704720060442
2057,0.207079255300171
2058,0.205656543188601
2059,0.159542437486153
2060,0.205656543188601
2061,0.287229612672215
2062,0.36794825969949
2063,0.203730252433787
2064,0.200122300101772
2065,0.0906539210380595
2066,0.20604802438049
2067,0.195405482651881
2068,0.203220368344642
2069,0.213370262725004
2070,0.196278078773843
2071,0.165349165328865
2072,0.211390948517288
2073,0.183405611871425
2074,0.757574630276645
2075,0.242337510099158
2076,0.120675248104082
2077,0.500385177019648
2078,0.168200517553244
2079,0.255753397150452
2080,0.191827984977622
2081,0.203220368344642
2082,0.193551813138348
2083,0.279098239579914
2084,0.277834029598284
2085,0.207990505637769
2086,0.205143080129002
2087,0.203730252433787
2088,0.194911333367003
2089,0.203730252433787
2090,0.381457200491371
2091,0.29264112753842
2092,0.203342047059097
2093,0.189516538609071
2094,0.194125502046085
2095,0.213370262725004
2096,0.209425107021947
2097,0.196774846197553
2098,0.0902483111085182
2099,0.665978496472166
2100,0.371385819766985
2101,0.27672369445216
2102,0.295096531788647
2103,0.256352680812125
2104,0.166447237187988
2105,0.365200730833644
2106,0.674300466545497
2107,0.211390948517288
2108,0.196774846197553
2109,0.204630568787164
2110,0.20604802438049
2111,0.196278078773843
2112,0.183293118214992
2113,0.21086696898502
2114,0.143624729675812
2115,0.21284270117939
2116,0.207990505637769
2117,0.213370262725004
2118,0.204241087903042
2119,0.207596298820374
2120,0.231615566964888
2121,0.189516538609071
2122,0.163825492056046
2123,0.197652055131454
2124,0.722318546473549
2125,0.204241087903042
2126,0.264108045380224
2127,0.79400573938736
2128,0.204630568787164
2129,0.200926354297953
2130,0.194418131753853
2131,0.200926354297953
2132,0.527633010682058
2133,0.345849346476278
2134,0.202711435496522
2135,0.553884624742254
2136,0.213772475881123
2137,0.486988814058047
2138,0.208509226096698
2139,0.437837329879347
2140,0.213370262725004
2141,0.204630568787164
2142,0.0759882047191131
2143,0.159512127860233
2144,0.205656543188601
2145,0.156611616463973
2146,0.200038236558813
2147,0.192571586794823
2148,0.189033782707126
2149,0.17256095380769
2150,0.203730252433787
2151,0.8708728415948
2152,0.134509951524116
2153,0.210468759134187
2154,0.317591069491578
2155,0.209946456905622
2156,0.20604802438049
2157,0.185546037319871
2158,0.920141055800704
2159,0.207079255300171
2160,0.123088344233463
2161,0.137510500042428
2162,0.21086696898502
2163,0.20656316384698
2164,0.18988464055943
2165,0.20656316384698
2166,0.189401166113122
2167,0.202324678187451
2168,0.59154245696334
2169,0.307424551742597
2170,0.264573733227787
2171,0.200038236558813
2172,0.211390948517288
2173,0.19604114787522
2174,0.138168959005112
2175,0.211390948517288
2176,0.156295571826903
2177,0.135936540490641
2178,0.207079255300171
2179,0.099971767684958
2180,0.274361663093435
2181,0.213370262725004
2182,0.196278078773843
2183,0.209946456905622
2184,0.203730252433787
2185,0.21284270117939
2186,0.604683632676632
2187,0.205143080129002
2188,0.211390948517288
2189,0.315226415562267
2190,0.256952883901144
2191,0.207079255300171
2192,0.0603302224517308
2193,0.202324678187451
2194,0.178609817935208
2195,0.178148737953332
2196,0.229649269754883
2197,0.31443448161357
2198,0.207079255300171
2199,0.380150739895144
2200,0.624441834110902
2201,0.163067898768115
2202,0.17768859075802
2203,0.208509226096698
2204,1
2205,0.208509226096698
2206,0.211390948517288
2207,0.207990505637769
2208,0.214831905527899
2209,0.20656316384698
2210,0.200038236558813
2211,0.841338212279733
2212,0.186021929313403
2213,0.207079255300171
2214,0.19590057989005
2215,0.182822639262824
2216,0.26349705576094
2217,0.188551970445435
2218,0.262277803089884
2219,0.238427840026272
2220,0.23465603394023
2221,0.19122451016392
2222,0.205656543188601
2223,0.190876170604295
2224,0.214831905527899
2225,0.21284270117939
2226,0.273259954010071
2227,0.192199511833847
2228,0.208509226096698
2229,0.109269205700848
2230,0.196278078773843
2231,0.574305056091908
2232,0.201431937750455
2233,0.182934908846588
2234,0.205656543188601
2235,0.192199511833847
